Latency,Throughput,PacketLoss,Timestamp
8.24,34.47,0.0014,4/19/2025 23:59
1.91,34.98,0.0021,4/19/2025 23:59
8.53,53.41,0.0006,4/19/2025 23:59
1.53,42.39,0.0056,4/19/2025 23:59
5.81,16.17,0.0062,4/19/2025 23:59
3.65,29.88,0.0024,4/19/2025 23:59
2.38,74.3,0.0096,4/19/2025 23:59
2.94,43,0.0063,4/19/2025 23:59
7.02,94.83,0.0025,4/19/2025 23:59
4.17,22.89,0.003,4/19/2025 23:59
2.02,17.05,0,4/19/2025 23:59
3.29,42.33,0.0002,4/19/2025 23:59
9.95,87.11,0.0043,4/20/2025 0:00
9.26,32.42,0.0042,4/20/2025 0:00
5.83,58.78,0.0005,4/20/2025 0:00
8.13,93.59,0.0045,4/20/2025 0:00
4.36,98.18,0.0042,4/20/2025 0:00
5.49,43.88,0.0026,4/20/2025 0:00
7.86,23.99,0.0071,4/20/2025 0:00
7.77,50,0,4/20/2025 0:00
5.71,71.54,0.0012,4/20/2025 0:00
7.56,32.14,0.0087,4/20/2025 0:00
7.68,45.76,0.0009,4/20/2025 0:00
3.11,72.52,0.0098,4/20/2025 0:00
4.99,34.65,0.0054,4/20/2025 0:00
6.91,81.76,0.0026,4/20/2025 0:00
5.52,63.24,0.0059,4/20/2025 0:00
9.95,62.84,0.0009,4/20/2025 0:00
9.29,16.3,0.0089,4/20/2025 0:00
7.55,30.62,0.0024,4/20/2025 0:00
6.71,14.65,0.0062,4/20/2025 0:00
9.93,38.77,0.0006,4/20/2025 0:00
4.54,12.86,0.0038,4/20/2025 0:00
4.01,73.67,0.0097,4/20/2025 0:00
4.5,33.31,0.0069,4/20/2025 0:00
4.15,22.57,0.008,4/20/2025 0:00
3.58,39.3,0.0035,4/20/2025 0:00
6.54,10.96,0.0027,4/20/2025 0:00
2.49,56.34,0.0055,4/20/2025 0:00
3.46,70.48,0.0054,4/20/2025 0:00
9.4,89.86,0.0025,4/20/2025 0:00
7.57,38.36,0.0037,4/20/2025 0:00
5.53,86,0.0064,4/20/2025 0:00
7.91,74.22,0.0021,4/20/2025 0:00
8.84,45.81,0.0089,4/20/2025 0:00
1.8,65.69,0.0014,4/20/2025 0:00
9.8,22.31,0.0026,4/20/2025 0:00
7.76,58.1,0.0015,4/20/2025 0:00
1.04,61.21,0.0013,4/20/2025 0:00
8.48,29.55,0.0061,4/20/2025 0:00
3.45,23.42,0.0006,4/20/2025 0:00
2.96,33.35,0.0082,4/20/2025 0:00
7.9,84.06,0.0032,4/20/2025 0:00
4.07,84.19,0.0024,4/20/2025 0:00
7.95,12.91,0.0005,4/20/2025 0:00
1.9,79.67,0.0045,4/20/2025 0:00
2.2,89.89,0.0086,4/20/2025 0:00
4.77,17.15,0.0097,4/20/2025 0:00
4.95,98.81,0.0092,4/20/2025 0:00
6.73,80.79,0.0035,4/20/2025 0:00
6.67,66.23,0.0001,4/20/2025 0:00
9.24,30.51,0.0036,4/20/2025 0:00
4.48,71.47,0.0025,4/20/2025 0:00
9.12,54.76,0.0082,4/20/2025 0:00
8.19,72.93,0.0084,4/20/2025 0:00
3.22,91.02,0.0001,4/20/2025 0:00
5.82,78.17,0.006,4/20/2025 0:00
7.89,25.33,0.0023,4/20/2025 0:00
4.95,43.99,0.0074,4/20/2025 0:00
1.42,77.1,0.0099,4/20/2025 0:00
9.53,45.6,0.0071,4/20/2025 0:00
3.77,83.16,0.0049,4/20/2025 0:00
7.24,39.46,0.0022,4/20/2025 0:01
2.7,40.28,0.0065,4/20/2025 0:01
9.15,91.2,0.0003,4/20/2025 0:01
9.44,57.16,0.0071,4/20/2025 0:01
3.88,76.89,0.0052,4/20/2025 0:01
7.81,37.97,0.0093,4/20/2025 0:01
9.1,69.62,0.0048,4/20/2025 0:01
8.33,86.19,0.0081,4/20/2025 0:01
8.07,97.31,0.0018,4/20/2025 0:01
1.36,51.41,0.0056,4/20/2025 0:01
2.18,73.61,0.0049,4/20/2025 0:01
9.65,55.78,0.0002,4/20/2025 0:01
1.84,81.97,0.0099,4/20/2025 0:01
1.3,28.09,0.0017,4/20/2025 0:01
9.77,17.37,0.0098,4/20/2025 0:01
2.91,38.43,0.0099,4/20/2025 0:01
6,62.89,0.0062,4/20/2025 0:01
2.88,19.12,0.007,4/20/2025 0:01
5.17,94.12,0.0042,4/20/2025 0:01
2.46,80.71,0.0008,4/20/2025 0:01
7.33,12.75,0.0052,4/20/2025 0:01
7.36,71.61,0.0044,4/20/2025 0:01
7.1,86.19,0.0025,4/20/2025 0:01
7.04,20.79,0.0026,4/20/2025 0:01
9.96,65.63,0.0073,4/20/2025 0:01
8.74,34.47,0.0089,4/20/2025 0:01
6.74,31.15,0.009,4/20/2025 0:01
1.13,83.36,0.0092,4/20/2025 0:01
1.28,31.35,0.0087,4/20/2025 0:01
3.91,31.35,0.0041,4/20/2025 0:01
8.8,34.96,0.0096,4/20/2025 0:01
7.63,66.69,0.0011,4/20/2025 0:01
3.91,10.42,0.01,4/20/2025 0:01
3.1,40.92,0.004,4/20/2025 0:01
9.52,40.4,0.0068,4/20/2025 0:01
9.21,16.64,0.0053,4/20/2025 0:01
8.62,98.53,0.0018,4/20/2025 0:01
4.34,78.7,0.0036,4/20/2025 0:01
1.32,45.28,0.01,4/20/2025 0:01
9.34,12.32,0.0075,4/20/2025 0:01
3.93,10.54,0.002,4/20/2025 0:01
9.16,75.36,0.0054,4/20/2025 0:01
7.04,12.51,0.008,4/20/2025 0:01
5.99,92.68,0.0046,4/20/2025 0:01
8,12.52,0.0037,4/20/2025 0:01
7.82,69.91,0.0026,4/20/2025 0:01
8.22,16.42,0.002,4/20/2025 0:01
6.22,92.02,0.001,4/20/2025 0:01
7.43,85.11,0.0053,4/20/2025 0:01
1.39,32.03,0.0019,4/20/2025 0:01
7.93,63.75,0.0014,4/20/2025 0:01
1.58,87.03,0.0005,4/20/2025 0:01
6.4,13.99,0.0021,4/20/2025 0:01
8.3,48.07,0.0099,4/20/2025 0:01
3.25,83.48,0.0024,4/20/2025 0:01
1.17,84.1,0.0045,4/20/2025 0:01
4.76,52.17,0.0083,4/20/2025 0:01
1.97,74.29,0.0045,4/20/2025 0:01
7.48,37.76,0.0024,4/20/2025 0:01
5.32,83.3,0.0049,4/20/2025 0:01
6.11,89.97,0.0069,4/20/2025 0:02
5.9,85.74,0.0025,4/20/2025 0:02
6.33,45.26,0.0022,4/20/2025 0:02
1.9,11.63,0.0081,4/20/2025 0:02
8.75,38.71,0.009,4/20/2025 0:02
3,99.47,0.003,4/20/2025 0:02
8.03,75.96,0.0037,4/20/2025 0:02
8.53,94.26,0.0022,4/20/2025 0:02
6.97,65.34,0.0089,4/20/2025 0:02
6.4,58.64,0.0043,4/20/2025 0:02
4.12,51.78,0.0084,4/20/2025 0:02
1.88,17.72,0.008,4/20/2025 0:02
1.29,65.15,0.0039,4/20/2025 0:02
7.8,59.09,0.0024,4/20/2025 0:02
2.17,12.4,0.0038,4/20/2025 0:02
6.1,57.86,0.003,4/20/2025 0:02
2.91,53.07,0.0043,4/20/2025 0:02
7.18,75.77,0.0055,4/20/2025 0:02
7.33,93.77,0.0096,4/20/2025 0:02
7.73,24.56,0.0047,4/20/2025 0:02
2.34,40.01,0.0004,4/20/2025 0:02
8.51,36.25,0.0013,4/20/2025 0:02
4.39,94.16,0.0046,4/20/2025 0:02
3.44,57.78,0.0017,4/20/2025 0:02
1.49,43.22,0.0054,4/20/2025 0:02
1.62,56.75,0.0059,4/20/2025 0:02
8.97,49.52,0.0085,4/20/2025 0:02
3.46,79.26,0.0087,4/20/2025 0:02
2.09,75.49,0.0089,4/20/2025 0:02
6.56,50.3,0.0073,4/20/2025 0:02
9.93,20,0.0008,4/20/2025 0:02
5.4,38.1,0.0087,4/20/2025 0:02
8.66,13.48,0.0052,4/20/2025 0:02
3.05,16.42,0.0092,4/20/2025 0:02
4.5,91.07,0.0061,4/20/2025 0:02
1.62,21.04,0.0029,4/20/2025 0:02
8.65,43.73,0.0022,4/20/2025 0:02
6,92.93,0.0057,4/20/2025 0:02
2.18,22.27,0.0055,4/20/2025 0:02
9.05,44.61,0.0056,4/20/2025 0:02
5.43,94.76,0,4/20/2025 0:02
4.29,10.35,0.0056,4/20/2025 0:02
1.35,40.06,0,4/20/2025 0:02
8.39,65.41,0.0088,4/20/2025 0:02
8.59,15.85,0.01,4/20/2025 0:02
6.24,81.5,0.0046,4/20/2025 0:02
2.6,99.39,0.0002,4/20/2025 0:02
7.88,34.49,0.0021,4/20/2025 0:02
9.43,30.28,0.0054,4/20/2025 0:02
8.11,88.15,0.0056,4/20/2025 0:02
1.45,72.24,0.0016,4/20/2025 0:02
5.65,95.09,0.0035,4/20/2025 0:02
4.93,84.57,0.0056,4/20/2025 0:02
5.36,62.22,0.0064,4/20/2025 0:02
1.03,69.68,0.0088,4/20/2025 0:02
7.01,68.39,0.0054,4/20/2025 0:02
9.73,71.47,0.0015,4/20/2025 0:02
6.34,95.09,0.0087,4/20/2025 0:02
3.83,37.96,0.0086,4/20/2025 0:02
9.22,44.35,0.0095,4/20/2025 0:02
7.52,93.54,0.0078,4/20/2025 0:03
6.89,69.23,0.0042,4/20/2025 0:03
2.44,12.43,0.0015,4/20/2025 0:03
1,13.65,0.0082,4/20/2025 0:03
6.09,67.18,0.0054,4/20/2025 0:03
5.19,11.33,0.009,4/20/2025 0:03
6.03,13.28,0.0095,4/20/2025 0:03
4.95,84.08,0.0084,4/20/2025 0:03
6.4,69.04,0.0025,4/20/2025 0:03
1.6,24.08,0.0092,4/20/2025 0:03
3.98,47.51,0.0056,4/20/2025 0:03
3.18,11.71,0.0084,4/20/2025 0:03
9.12,25.06,0.0032,4/20/2025 0:03
2.83,85.25,0.0003,4/20/2025 0:03
9.09,48.39,0.0034,4/20/2025 0:03
6.38,27.34,0.0085,4/20/2025 0:03
1.65,77.91,0.0046,4/20/2025 0:03
4.08,67.16,0.0043,4/20/2025 0:03
1.66,60.72,0.0008,4/20/2025 0:03
6.8,33.38,0.0016,4/20/2025 0:03
6.75,38.49,0.0067,4/20/2025 0:03
5.24,32.45,0.0033,4/20/2025 0:03
6.14,65.68,0.003,4/20/2025 0:03
4.22,92.43,0.0055,4/20/2025 0:03
6.44,26.89,0.0043,4/20/2025 0:03
4.41,69.15,0.0041,4/20/2025 0:03
7.48,28.04,0.0098,4/20/2025 0:03
7.62,87.4,0.0097,4/20/2025 0:03
2.37,94.02,0.0047,4/20/2025 0:03
4.76,61.94,0.0006,4/20/2025 0:03
8.8,57.28,0.0007,4/20/2025 0:03
9.46,88.65,0.0014,4/20/2025 0:03
9.3,63.17,0.0036,4/20/2025 0:03
3.17,29.03,0.0094,4/20/2025 0:03
3.34,30.62,0.0005,4/20/2025 0:03
1.55,21.01,0.0065,4/20/2025 0:03
2.73,38.29,0.0082,4/20/2025 0:03
9.13,57.32,0.0079,4/20/2025 0:03
1.07,46.93,0.0094,4/20/2025 0:03
7.02,21.73,0.0036,4/20/2025 0:03
6.93,79.6,0.0008,4/20/2025 0:03
4.16,55.99,0.0085,4/20/2025 0:03
4.73,13.91,0.0043,4/20/2025 0:03
6.59,13.31,0.0083,4/20/2025 0:03
2.18,43.7,0.0097,4/20/2025 0:03
6.63,30.05,0.0081,4/20/2025 0:03
3.55,34.26,0.0049,4/20/2025 0:03
9.25,53.9,0.0094,4/20/2025 0:03
6.83,85.54,0.0011,4/20/2025 0:03
9.18,37.94,0.0051,4/20/2025 0:03
9.72,60.53,0.0096,4/20/2025 0:03
6.71,24.09,0.0083,4/20/2025 0:03
4.75,56.87,0.0033,4/20/2025 0:03
7.59,38.71,0.0007,4/20/2025 0:03
8.56,36.28,0.0002,4/20/2025 0:03
7.93,10.88,0.0063,4/20/2025 0:03
5.01,24.24,0.0028,4/20/2025 0:03
8.84,97.65,0.0003,4/20/2025 0:03
1.44,48.7,0.0018,4/20/2025 0:03
4.95,54.35,0.001,4/20/2025 0:03
2.01,38.02,0.0006,4/20/2025 0:04
6.78,30.02,0.0025,4/20/2025 0:04
2.54,86.04,0.0097,4/20/2025 0:04
3.04,77.3,0.0066,4/20/2025 0:04
1.3,56.4,0.0062,4/20/2025 0:04
3.81,36.54,0.0016,4/20/2025 0:04
9.52,58.3,0.0076,4/20/2025 0:04
8.53,83.54,0.0094,4/20/2025 0:04
7.01,59.13,0.0054,4/20/2025 0:04
4.57,71.47,0.0089,4/20/2025 0:04
5.44,32.12,0.0004,4/20/2025 0:04
6.65,37.71,0.0064,4/20/2025 0:04
5.51,66.33,0.0099,4/20/2025 0:04
6.24,16.09,0.0082,4/20/2025 0:04
2.55,50.32,0.005,4/20/2025 0:04
1.96,31.2,0.0073,4/20/2025 0:04
5.33,41.33,0,4/20/2025 0:04
3.55,65.96,0.0077,4/20/2025 0:04
4.76,77.19,0.0045,4/20/2025 0:04
8.84,31.99,0.0072,4/20/2025 0:04
5.36,76.02,0.0056,4/20/2025 0:04
4.03,74.91,0.0092,4/20/2025 0:04
2.91,10.38,0.0095,4/20/2025 0:04
1.59,63.95,0.0077,4/20/2025 0:04
9.7,96.97,0.0044,4/20/2025 0:04
5.71,94.21,0.009,4/20/2025 0:04
3.08,76.46,0.0072,4/20/2025 0:04
8.68,46.6,0.0041,4/20/2025 0:04
8.87,46.56,0.0062,4/20/2025 0:04
1.29,72.17,0.0091,4/20/2025 0:04
2.87,13.77,0.0089,4/20/2025 0:04
2.55,14.34,0.0038,4/20/2025 0:04
8.42,48.14,0.0056,4/20/2025 0:04
2.64,34.31,0.0046,4/20/2025 0:04
3.19,12.13,0.004,4/20/2025 0:04
6.65,32.47,0,4/20/2025 0:04
3.92,43.04,0.0073,4/20/2025 0:04
2.54,26.1,0.0006,4/20/2025 0:04
9.74,85.13,0.0045,4/20/2025 0:04
5.58,42.63,0.0069,4/20/2025 0:04
4.91,67.47,0.0027,4/20/2025 0:04
4.91,93.82,0.006,4/20/2025 0:04
5.54,86.9,0.0025,4/20/2025 0:04
3.36,72.34,0.0021,4/20/2025 0:04
7.47,74.09,0.0027,4/20/2025 0:04
5.59,21.92,0.0022,4/20/2025 0:04
4.46,44.62,0.0006,4/20/2025 0:04
4.86,81.58,0.0011,4/20/2025 0:04
8.36,20.04,0.0086,4/20/2025 0:04
2.03,63.9,0.0006,4/20/2025 0:04
9.49,92.97,0.0097,4/20/2025 0:04
8.4,35.85,0.0026,4/20/2025 0:04
3.48,51.94,0.008,4/20/2025 0:04
5.05,24.38,0.0002,4/20/2025 0:04
6.36,40.54,0.0055,4/20/2025 0:04
1.27,48.65,0.0087,4/20/2025 0:04
7.75,78.79,0.0073,4/20/2025 0:04
2.02,29.83,0.0027,4/20/2025 0:04
6.49,26.58,0.0092,4/20/2025 0:04
4.01,95.42,0.0015,4/20/2025 0:04
6.81,18.87,0.0074,4/20/2025 0:05
8.14,33.3,0.007,4/20/2025 0:05
7.37,33.68,0.009,4/20/2025 0:05
9.42,45.41,0.0086,4/20/2025 0:05
2.64,84.47,0.0018,4/20/2025 0:05
9.36,64.16,0.0002,4/20/2025 0:05
9.13,33.61,0.002,4/20/2025 0:05
4.12,10.9,0.0083,4/20/2025 0:05
3.84,63.38,0.0072,4/20/2025 0:05
8.79,55.17,0.0079,4/20/2025 0:05
7.86,12.32,0.0007,4/20/2025 0:05
1.26,18.66,0.0052,4/20/2025 0:05
2.66,91.5,0.0024,4/20/2025 0:05
1.55,50.64,0.0082,4/20/2025 0:05
1.64,51.26,0.0051,4/20/2025 0:05
9.51,97.65,0.0062,4/20/2025 0:05
8.24,89.56,0.0048,4/20/2025 0:05
1.59,60.28,0.0088,4/20/2025 0:05
3.89,71.67,0.0019,4/20/2025 0:05
1.14,41.32,0.0086,4/20/2025 0:05
6.83,79.28,0.0003,4/20/2025 0:05
3.82,59.58,0.0022,4/20/2025 0:05
7.19,73.85,0.0048,4/20/2025 0:05
1.51,11.63,0.0004,4/20/2025 0:05
7.98,49.98,0.0089,4/20/2025 0:05
7.52,57.34,0.0059,4/20/2025 0:05
9.4,46.84,0.001,4/20/2025 0:05
7.14,61.33,0.0091,4/20/2025 0:05
4.1,71.92,0.004,4/20/2025 0:05
5.78,63.46,0.0068,4/20/2025 0:05
2.72,87.58,0.0055,4/20/2025 0:05
6.19,70.44,0.0003,4/20/2025 0:05
9.34,10.51,0.0031,4/20/2025 0:05
4.43,99.53,0.0051,4/20/2025 0:05
1.18,20.48,0.0078,4/20/2025 0:05
6.9,90.8,0.0093,4/20/2025 0:05
4.55,12.98,0.0006,4/20/2025 0:05
5.38,58.2,0.009,4/20/2025 0:05
2.78,67.77,0.0071,4/20/2025 0:05
3.73,43.5,0.0005,4/20/2025 0:05
2.65,74.14,0.0075,4/20/2025 0:05
7.07,40.5,0.0019,4/20/2025 0:05
5.97,70.41,0.0017,4/20/2025 0:05
1.58,84.94,0.0013,4/20/2025 0:05
6.54,64.26,0.0094,4/20/2025 0:05
6.94,70.94,0.0093,4/20/2025 0:05
3.64,22.9,0.0053,4/20/2025 0:05
6.67,74.09,0.0011,4/20/2025 0:05
6.31,60.01,0.0035,4/20/2025 0:05
3.35,11.67,0.0069,4/20/2025 0:05
9.67,21.49,0.0039,4/20/2025 0:05
7.95,10.02,0.0016,4/20/2025 0:05
6.92,90.28,0.0032,4/20/2025 0:05
3.67,95.24,0.0074,4/20/2025 0:05
8.86,37.27,0.0084,4/20/2025 0:05
6.51,93.75,0.0037,4/20/2025 0:05
6.2,33.61,0.0024,4/20/2025 0:05
3.36,79.47,0.003,4/20/2025 0:05
1.37,28.92,0.0001,4/20/2025 0:05
7.73,64.35,0.0001,4/20/2025 0:05
8.4,83.26,0.005,4/20/2025 0:06
5.71,63.77,0.0021,4/20/2025 0:06
1.02,38.17,0.0007,4/20/2025 0:06
9.04,26.53,0.0049,4/20/2025 0:06
9.21,51.65,0.0048,4/20/2025 0:06
5.89,74.2,0.0029,4/20/2025 0:06
2.71,94.04,0.0016,4/20/2025 0:06
2.82,64.5,0.005,4/20/2025 0:06
9.33,22.89,0.0096,4/20/2025 0:06
1.37,22.15,0.0033,4/20/2025 0:06
5.9,88.18,0.0008,4/20/2025 0:06
8.82,13.93,0.0031,4/20/2025 0:06
7.65,35.35,0.0039,4/20/2025 0:06
1.9,47,0.0015,4/20/2025 0:06
6.85,39.37,0.0064,4/20/2025 0:06
4.12,34.79,0.0072,4/20/2025 0:06
2.13,62.97,0.002,4/20/2025 0:06
1.65,88.84,0.0089,4/20/2025 0:06
5.73,84.88,0.0061,4/20/2025 0:06
8.29,18.44,0.0042,4/20/2025 0:06
5.13,14.4,0.0083,4/20/2025 0:06
8,83.96,0.0012,4/20/2025 0:06
1.27,14.6,0.0073,4/20/2025 0:06
9.82,20.67,0.0074,4/20/2025 0:06
1.12,21.47,0.0032,4/20/2025 0:06
9.82,59.81,0.0068,4/20/2025 0:06
3.24,56.68,0.0007,4/20/2025 0:06
9.35,55.35,0.0034,4/20/2025 0:06
9.78,19.8,0.0052,4/20/2025 0:06
9.25,31.61,0.0055,4/20/2025 0:06
1.63,91.27,0.0014,4/20/2025 0:06
3.11,66.02,0.001,4/20/2025 0:06
1.85,23.74,0.001,4/20/2025 0:06
5.08,41.69,0.0098,4/20/2025 0:06
3.81,67.6,0.0071,4/20/2025 0:06
7.62,69.99,0.0042,4/20/2025 0:06
6.95,89.48,0.0081,4/20/2025 0:06
9.98,95.64,0.0092,4/20/2025 0:06
1.48,44.6,0.0029,4/20/2025 0:06
2.28,33.69,0.0067,4/20/2025 0:06
6.78,62,0.0029,4/20/2025 0:06
8.15,71.38,0.0073,4/20/2025 0:06
5.43,15.31,0.0022,4/20/2025 0:06
8.33,50.2,0.0007,4/20/2025 0:06
9.69,28.88,0.0038,4/20/2025 0:06
3.6,49.54,0.0098,4/20/2025 0:06
2.89,84.38,0.0019,4/20/2025 0:06
2.49,76.51,0.0013,4/20/2025 0:06
8.58,72.97,0.0094,4/20/2025 0:06
8.87,26.32,0.0047,4/20/2025 0:06
7.75,71.37,0.0037,4/20/2025 0:06
3.3,92.64,0.0058,4/20/2025 0:06
4.17,46.78,0.0074,4/20/2025 0:06
1.75,62.11,0.0034,4/20/2025 0:06
5.9,90.19,0.0066,4/20/2025 0:06
6.22,86.41,0.0017,4/20/2025 0:06
1.92,14.23,0.0003,4/20/2025 0:06
1.42,60.27,0.0024,4/20/2025 0:06
8.68,38.1,0.0069,4/20/2025 0:06
6.2,90.83,0.0055,4/20/2025 0:06
6.61,59,0.004,4/20/2025 0:07
4.59,97.08,0.0069,4/20/2025 0:07
5.81,54.68,0.0091,4/20/2025 0:07
8.67,76.59,0.0086,4/20/2025 0:07
5.17,14.37,0.0016,4/20/2025 0:07
1.78,53.24,0.0037,4/20/2025 0:07
5.89,19.15,0.001,4/20/2025 0:07
5.64,51.99,0.0086,4/20/2025 0:07
9.42,90.98,0.0034,4/20/2025 0:07
3.63,63.17,0.0038,4/20/2025 0:07
3.08,18.34,0.0013,4/20/2025 0:07
5.08,51.72,0.0077,4/20/2025 0:07
3.32,88.42,0.0092,4/20/2025 0:07
6.79,66.22,0.0052,4/20/2025 0:07
7.49,83.46,0.0068,4/20/2025 0:07
6.16,84.86,0.0049,4/20/2025 0:07
1.98,12.19,0.002,4/20/2025 0:07
6.47,60.1,0.0045,4/20/2025 0:07
2.5,42.57,0.0073,4/20/2025 0:07
4.57,17.13,0.0035,4/20/2025 0:07
9.22,26.66,0.002,4/20/2025 0:07
1.01,41.02,0.002,4/20/2025 0:07
8.55,32.48,0.002,4/20/2025 0:07
7.39,49,0.0062,4/20/2025 0:07
4.17,44.53,0.0081,4/20/2025 0:07
9.89,69.18,0,4/20/2025 0:07
5.88,91.77,0.001,4/20/2025 0:07
3.69,77.83,0.009,4/20/2025 0:07
9.49,14.05,0.0096,4/20/2025 0:07
8.38,33.75,0.0011,4/20/2025 0:07
6.74,83.73,0.0074,4/20/2025 0:07
9.85,25.28,0.0003,4/20/2025 0:07
4.24,68.69,0.0026,4/20/2025 0:07
5.37,59.8,0.0036,4/20/2025 0:07
8.2,43.2,0.004,4/20/2025 0:07
1.88,85.68,0.008,4/20/2025 0:07
9.08,92.81,0.0087,4/20/2025 0:07
5.39,68.54,0.0031,4/20/2025 0:07
7.91,86.3,0.0017,4/20/2025 0:07
7.24,93.91,0.0042,4/20/2025 0:07
9.74,10.32,0.0077,4/20/2025 0:07
1.08,22.41,0.0086,4/20/2025 0:07
2.92,69.17,0.0063,4/20/2025 0:07
3.23,50.36,0.0009,4/20/2025 0:07
5.69,86.4,0.0081,4/20/2025 0:07
7.32,53.51,0.0011,4/20/2025 0:07
9.48,70.91,0.0061,4/20/2025 0:07
9.19,25.44,0.0028,4/20/2025 0:07
9.1,94.82,0.0021,4/20/2025 0:07
9.86,95.92,0.0063,4/20/2025 0:07
2.86,59.56,0.0073,4/20/2025 0:07
6.76,88.71,0.0018,4/20/2025 0:07
4.95,68.06,0.0046,4/20/2025 0:07
8.56,83.12,0.004,4/20/2025 0:07
8.28,89.68,0.009,4/20/2025 0:07
1.02,40.13,0.0037,4/20/2025 0:07
6.47,48.14,0.0092,4/20/2025 0:07
3.13,98.99,0.0099,4/20/2025 0:07
9.99,73.89,0.003,4/20/2025 0:07
9.73,89.15,0.0027,4/20/2025 0:07
8.06,56.3,0.0088,4/20/2025 0:08
5.99,49.26,0.0088,4/20/2025 0:08
6.69,60.97,0.0061,4/20/2025 0:08
2.13,46.8,0.0004,4/20/2025 0:08
1.49,39.84,0.006,4/20/2025 0:08
7.61,88.41,0.0045,4/20/2025 0:08
4.57,92.76,0.0013,4/20/2025 0:08
6.16,20.14,0.0097,4/20/2025 0:08
3.49,91.79,0.003,4/20/2025 0:08
6.25,92.32,0.0099,4/20/2025 0:08
6.51,39.21,0.0083,4/20/2025 0:08
9.31,87.47,0.0042,4/20/2025 0:08
8.46,78.49,0.0096,4/20/2025 0:08
5.64,27.62,0.0067,4/20/2025 0:08
3.29,71.63,0.0074,4/20/2025 0:08
2.2,38.86,0.004,4/20/2025 0:08
7.27,59.32,0.0084,4/20/2025 0:08
1.88,29.28,0.0065,4/20/2025 0:08
4.83,38.23,0.0032,4/20/2025 0:08
8.74,50.82,0.0097,4/20/2025 0:08
8.25,75.88,0.0072,4/20/2025 0:08
4.76,17.1,0.0033,4/20/2025 0:08
1.71,58.95,0.0033,4/20/2025 0:08
4.18,55.91,0.0014,4/20/2025 0:08
2.18,45.57,0.0043,4/20/2025 0:08
8.5,35.64,0.0073,4/20/2025 0:08
7.54,14.54,0.0011,4/20/2025 0:08
2.9,29.39,0.0061,4/20/2025 0:08
1.6,27.55,0.0009,4/20/2025 0:08
4.47,32.07,0.0059,4/20/2025 0:08
9.99,52.63,0.0073,4/20/2025 0:08
8.27,79.65,0.0071,4/20/2025 0:08
1.1,23.45,0.0015,4/20/2025 0:08
7.46,37.79,0.0033,4/20/2025 0:08
5.24,99.19,0.0094,4/20/2025 0:08
8.14,65.47,0.0029,4/20/2025 0:08
4.55,92.74,0.006,4/20/2025 0:08
4.96,30.3,0.0079,4/20/2025 0:08
6.3,41.32,0.0032,4/20/2025 0:08
7.22,53.97,0.004,4/20/2025 0:08
1.27,40.47,0.008,4/20/2025 0:08
1.34,22.55,0.0062,4/20/2025 0:08
6.91,96.36,0.008,4/20/2025 0:08
7.33,29.73,0.0095,4/20/2025 0:08
4.83,51.34,0.0038,4/20/2025 0:08
7.32,14.51,0.0064,4/20/2025 0:08
8.92,21,0.0024,4/20/2025 0:08
3.78,21.28,0.0013,4/20/2025 0:08
7.93,11.98,0.0066,4/20/2025 0:08
7.24,69.81,0.0073,4/20/2025 0:08
8.1,82.39,0.0047,4/20/2025 0:08
1.16,54.16,0.0095,4/20/2025 0:08
4.18,44.96,0.0023,4/20/2025 0:08
2.36,14.99,0.0095,4/20/2025 0:08
1.51,99.57,0.0041,4/20/2025 0:08
8.74,64.9,0.0035,4/20/2025 0:08
4.87,28.23,0.0098,4/20/2025 0:08
6.18,76.32,0.0095,4/20/2025 0:08
6.95,62.79,0.0062,4/20/2025 0:08
3.49,91.46,0.0034,4/20/2025 0:08
5.59,96.98,0.0071,4/20/2025 0:09
9.68,53.31,0.0089,4/20/2025 0:09
2.9,99.64,0.007,4/20/2025 0:09
8.48,66.98,0.0026,4/20/2025 0:09
3.9,46.89,0.0002,4/20/2025 0:09
4.58,31.67,0.0017,4/20/2025 0:09
6.83,29.91,0.0068,4/20/2025 0:09
1.22,66.23,0.0096,4/20/2025 0:09
4.02,77.22,0.0095,4/20/2025 0:09
8.02,70.82,0.0003,4/20/2025 0:09
3.67,13.54,0.0055,4/20/2025 0:09
6.14,63.94,0.0068,4/20/2025 0:09
7.89,40.23,0.0039,4/20/2025 0:09
3.8,48.79,0.0033,4/20/2025 0:09
4.75,65.88,0.0014,4/20/2025 0:09
6.3,44.1,0.0073,4/20/2025 0:09
3.58,76.01,0.0003,4/20/2025 0:09
1.59,11.05,0.0088,4/20/2025 0:09
6.47,93.99,0.0087,4/20/2025 0:09
9.28,76,0.008,4/20/2025 0:09
8.65,55.51,0.0001,4/20/2025 0:09
2.23,61.8,0.0083,4/20/2025 0:09
4.57,69.45,0.0038,4/20/2025 0:09
5.83,63.36,0.0099,4/20/2025 0:09
2.08,53.74,0.0057,4/20/2025 0:09
5.35,78.08,0.0015,4/20/2025 0:09
6.38,74.07,0.0094,4/20/2025 0:09
8.44,92.79,0.0047,4/20/2025 0:09
9.13,37.46,0.0078,4/20/2025 0:09
5.73,49.39,0.0016,4/20/2025 0:09
1.88,39.83,0.0057,4/20/2025 0:09
8.65,73.36,0.009,4/20/2025 0:09
3.47,77.61,0.0064,4/20/2025 0:09
7.46,61.17,0.004,4/20/2025 0:09
2.41,52.08,0.0077,4/20/2025 0:09
1.37,29.06,0.0037,4/20/2025 0:09
4.84,11.65,0.001,4/20/2025 0:09
5.35,75.03,0.0088,4/20/2025 0:09
5.35,40.11,0.0022,4/20/2025 0:09
9.38,85.88,0.0078,4/20/2025 0:09
3.78,63.24,0.0073,4/20/2025 0:09
9.26,98.4,0.0018,4/20/2025 0:09
9.8,65.59,0.0096,4/20/2025 0:09
4.73,42.65,0.0005,4/20/2025 0:09
4.95,62.85,0.0011,4/20/2025 0:09
9.83,95.71,0.0032,4/20/2025 0:09
5.42,87.29,0.0001,4/20/2025 0:09
7.99,57.85,0.0026,4/20/2025 0:09
6.58,94.36,0.0073,4/20/2025 0:09
9.89,25.76,0.0004,4/20/2025 0:09
3.56,77.98,0.001,4/20/2025 0:09
3.52,20.45,0.0024,4/20/2025 0:09
4.11,68.75,0.0079,4/20/2025 0:09
8.21,92.16,0.0011,4/20/2025 0:09
8.34,93.9,0.0029,4/20/2025 0:09
5.49,64.3,0.0057,4/20/2025 0:09
8.47,48.71,0.0071,4/20/2025 0:09
6.92,19.93,0.0024,4/20/2025 0:09
4.76,44.38,0.001,4/20/2025 0:09
5.06,94.05,0.0046,4/20/2025 0:09
8.62,12.93,0.0007,4/20/2025 0:10
3.7,83.59,0.0018,4/20/2025 0:10
6.44,76.39,0.0009,4/20/2025 0:10
8.59,79.39,0.0024,4/20/2025 0:10
4.07,34.69,0.0022,4/20/2025 0:10
9.77,88.36,0.005,4/20/2025 0:10
8.38,11.48,0.0005,4/20/2025 0:10
5.77,99.03,0.0017,4/20/2025 0:10
1.72,58.71,0.0081,4/20/2025 0:10
5.53,56.44,0.0083,4/20/2025 0:10
5.61,20.97,0.0007,4/20/2025 0:10
4.42,88.99,0.0023,4/20/2025 0:10
1.5,27.46,0.007,4/20/2025 0:10
1.73,15.29,0.0053,4/20/2025 0:10
9.51,23.74,0.0009,4/20/2025 0:10
4.93,48.98,0.0027,4/20/2025 0:10
5.29,23.63,0.005,4/20/2025 0:10
6.54,30.03,0.0042,4/20/2025 0:10
7.69,38.66,0.0044,4/20/2025 0:10
8.08,92.67,0.002,4/20/2025 0:10
8.39,86.99,0.0022,4/20/2025 0:10
9.33,89.78,0.0078,4/20/2025 0:10
5.83,98.1,0.0077,4/20/2025 0:10
3.63,99.64,0.0071,4/20/2025 0:10
1.89,53.79,0.0003,4/20/2025 0:10
8.18,52.44,0.0071,4/20/2025 0:10
7.95,21.87,0.0044,4/20/2025 0:10
9.23,95.59,0.0042,4/20/2025 0:10
2.61,93.78,0.0078,4/20/2025 0:10
4.52,41.12,0.0065,4/20/2025 0:10
6.07,25.47,0.0066,4/20/2025 0:10
5.06,20.71,0.003,4/20/2025 0:10
4.56,94.74,0.0036,4/20/2025 0:10
1.94,97.96,0.0084,4/20/2025 0:10
1.72,25.56,0.0072,4/20/2025 0:10
7.56,93.84,0.0092,4/20/2025 0:10
5.28,47.74,0.0045,4/20/2025 0:10
9.79,39.39,0.0036,4/20/2025 0:10
4.83,57.81,0.0071,4/20/2025 0:10
5.92,56.01,0.0084,4/20/2025 0:10
4.92,46.8,0.0068,4/20/2025 0:10
7.32,39.7,0.0019,4/20/2025 0:10
6.86,73.18,0.0011,4/20/2025 0:10
2.56,75.06,0.0025,4/20/2025 0:10
6.48,89.29,0.0064,4/20/2025 0:10
2.87,48.2,0.0063,4/20/2025 0:10
5.47,75.78,0.003,4/20/2025 0:10
6.67,64.22,0.003,4/20/2025 0:10
2.64,25.36,0.0047,4/20/2025 0:10
9.71,37.38,0.0007,4/20/2025 0:10
3.05,25.74,0.0096,4/20/2025 0:10
7.88,69.52,0.0046,4/20/2025 0:10
4.81,38.52,0.0005,4/20/2025 0:10
3.54,81.12,0.0008,4/20/2025 0:10
9.46,80.79,0.0092,4/20/2025 0:10
7.14,78.5,0.0064,4/20/2025 0:10
2.46,79.72,0.0071,4/20/2025 0:10
1.23,91.75,0.001,4/20/2025 0:10
9.89,20.71,0.0067,4/20/2025 0:10
8.62,80.71,0.0034,4/20/2025 0:10
7.81,40.08,0.0053,4/20/2025 0:11
5.09,34.54,0.0044,4/20/2025 0:11
7.1,73.62,0.0046,4/20/2025 0:11
6.32,88.22,0.0079,4/20/2025 0:11
4.41,15.58,0.0094,4/20/2025 0:11
6.15,30.7,0.008,4/20/2025 0:11
9.13,77.36,0.0079,4/20/2025 0:11
3.34,96.45,0.0047,4/20/2025 0:11
4.74,96.12,0.0039,4/20/2025 0:11
6.69,27.25,0.0065,4/20/2025 0:11
6.29,51.87,0.002,4/20/2025 0:11
8.25,58.62,0.0047,4/20/2025 0:11
6.86,32.45,0.0034,4/20/2025 0:11
7.48,17.07,0.001,4/20/2025 0:11
9.16,42.95,0.0097,4/20/2025 0:11
6.55,25.63,0.0058,4/20/2025 0:11
2.33,96.27,0.0071,4/20/2025 0:11
2.45,53.73,0.0003,4/20/2025 0:11
8.1,22.89,0.0002,4/20/2025 0:11
3.36,22.73,0.0019,4/20/2025 0:11
9.11,77.03,0.0001,4/20/2025 0:11
9.1,31.72,0.0076,4/20/2025 0:11
2.63,48.61,0.0063,4/20/2025 0:11
9.17,95.41,0.0077,4/20/2025 0:11
8.95,19.06,0.0025,4/20/2025 0:11
5.17,65.01,0.005,4/20/2025 0:11
9.65,12.24,0.0015,4/20/2025 0:11
6.36,46.44,0.0008,4/20/2025 0:11
1.85,27.43,0.0083,4/20/2025 0:11
2.09,13.24,0.0075,4/20/2025 0:11
3.21,45.74,0.0018,4/20/2025 0:11
8.78,28.87,0.0046,4/20/2025 0:11
6.26,20.31,0.0062,4/20/2025 0:11
9.93,71.2,0.0058,4/20/2025 0:11
9.66,39.48,0.0067,4/20/2025 0:11
3.61,57.81,0.008,4/20/2025 0:11
4.08,70.8,0.0039,4/20/2025 0:11
5.29,15.71,0.0007,4/20/2025 0:11
6.26,78.95,0.0089,4/20/2025 0:11
9.23,13.68,0.0089,4/20/2025 0:11
3.95,21.37,0.0048,4/20/2025 0:11
5.74,83.44,0.0059,4/20/2025 0:11
9.38,19.21,0.0031,4/20/2025 0:11
5.26,78.75,0.0062,4/20/2025 0:11
2.78,57.04,0.0083,4/20/2025 0:11
3.4,79.6,0.0006,4/20/2025 0:11
4.84,48.27,0.005,4/20/2025 0:11
4.09,24.44,0.0009,4/20/2025 0:11
6.21,39.33,0.0054,4/20/2025 0:11
2.31,50.49,0.0048,4/20/2025 0:11
5.64,45.1,0.0049,4/20/2025 0:11
3.67,21.8,0.0029,4/20/2025 0:11
3.54,72.05,0.0027,4/20/2025 0:11
4.68,95.25,0.0008,4/20/2025 0:11
3.85,16.47,0.0093,4/20/2025 0:11
9.33,26.31,0.002,4/20/2025 0:11
7.54,52.79,0,4/20/2025 0:11
7.49,57.48,0.0039,4/20/2025 0:11
2.45,73.13,0.0014,4/20/2025 0:11
4.22,63.08,0.0091,4/20/2025 0:11
4.3,94.16,0.0041,4/20/2025 0:12
9.25,44.51,0.0079,4/20/2025 0:12
2.98,92.65,0.001,4/20/2025 0:12
3.88,68.05,0.0084,4/20/2025 0:12
4.57,83.76,0.0003,4/20/2025 0:12
8.86,39.79,0.0026,4/20/2025 0:12
1.81,82.25,0.0053,4/20/2025 0:12
9.89,95.46,0.0084,4/20/2025 0:12
6.38,38.28,0.0023,4/20/2025 0:12
9.91,33.26,0.0037,4/20/2025 0:12
9.71,47.33,0.0091,4/20/2025 0:12
5.04,88.43,0.0052,4/20/2025 0:12
4.96,64.94,0.0007,4/20/2025 0:12
1.25,40.57,0.0002,4/20/2025 0:12
1.67,82.58,0.0082,4/20/2025 0:12
9.92,96.3,0.0065,4/20/2025 0:12
8.26,10.35,0.0009,4/20/2025 0:12
8.75,14.56,0.0084,4/20/2025 0:12
2.45,77.5,0.0032,4/20/2025 0:12
4.43,89.12,0.0053,4/20/2025 0:12
4.64,49.76,0.0051,4/20/2025 0:12
3.39,83.86,0.0022,4/20/2025 0:12
6.4,12.45,0.0016,4/20/2025 0:12
3.31,86.71,0.0001,4/20/2025 0:12
2.15,16.93,0.0013,4/20/2025 0:12
3.81,88.04,0.0043,4/20/2025 0:12
9.73,83.29,0.0089,4/20/2025 0:12
7.91,62.35,0.0023,4/20/2025 0:12
5.22,31.41,0.0075,4/20/2025 0:12
4.98,67.78,0.0027,4/20/2025 0:12
2.81,58.15,0.0006,4/20/2025 0:12
8.68,34.86,0.0021,4/20/2025 0:12
9,16.8,0.004,4/20/2025 0:12
5.52,14.82,0.0084,4/20/2025 0:12
5.98,34.79,0.0054,4/20/2025 0:12
3.32,26.23,0.0096,4/20/2025 0:12
5.23,71.46,0.0068,4/20/2025 0:12
5.35,69.92,0.0043,4/20/2025 0:12
7.29,53.49,0.0044,4/20/2025 0:12
4.43,64.31,0.0046,4/20/2025 0:12
9.55,59.15,0.0096,4/20/2025 0:12
7.17,78.04,0.0006,4/20/2025 0:12
9.76,26.3,0.003,4/20/2025 0:12
4.5,86.65,0.0056,4/20/2025 0:12
4.1,97.44,0.0076,4/20/2025 0:12
8.07,65.98,0.003,4/20/2025 0:12
5.05,26,0.0065,4/20/2025 0:12
3.69,19.82,0.0096,4/20/2025 0:12
5,11.19,0.004,4/20/2025 0:12
3.87,58.71,0.009,4/20/2025 0:12
4.43,24.73,0.008,4/20/2025 0:12
6.85,66.13,0.0005,4/20/2025 0:12
5.76,37.25,0.004,4/20/2025 0:12
8.76,57.81,0.0029,4/20/2025 0:12
3.41,77.95,0.0003,4/20/2025 0:12
4.43,60.79,0.0003,4/20/2025 0:12
7.09,83.19,0.0082,4/20/2025 0:12
7.02,86.5,0.0012,4/20/2025 0:12
2.34,17.07,0.0052,4/20/2025 0:12
9.86,39.61,0.0008,4/20/2025 0:12
2.57,52.39,0.0012,4/20/2025 0:13
4.19,73.76,0.009,4/20/2025 0:13
7.61,16.43,0.0073,4/20/2025 0:13
4.86,33.31,0.0043,4/20/2025 0:13
7.22,56.09,0.0065,4/20/2025 0:13
9.78,29.85,0.0047,4/20/2025 0:13
7.73,70.8,0.0073,4/20/2025 0:13
7.19,61.17,0.0013,4/20/2025 0:13
7.08,57.08,0.0094,4/20/2025 0:13
1.61,41.49,0.0043,4/20/2025 0:13
7.36,46.24,0.0032,4/20/2025 0:13
2.16,98.7,0.0032,4/20/2025 0:13
9.41,48.12,0.0027,4/20/2025 0:13
3.63,35.02,0.0097,4/20/2025 0:13
4.82,67.06,0.0052,4/20/2025 0:13
1.31,29.52,0.008,4/20/2025 0:13
4.3,40.6,0.0027,4/20/2025 0:13
4.18,76.51,0.0064,4/20/2025 0:13
8.87,89.98,0.0097,4/20/2025 0:13
7.25,15.54,0.0054,4/20/2025 0:13
9.6,24.81,0.0013,4/20/2025 0:13
1.08,36.75,0.0095,4/20/2025 0:13
1.56,67.59,0.0078,4/20/2025 0:13
6.28,15.4,0.003,4/20/2025 0:13
1.27,10.01,0.0042,4/20/2025 0:13
5.43,20.47,0.0046,4/20/2025 0:13
1.89,32.77,0.0066,4/20/2025 0:13
4.73,58.9,0.0088,4/20/2025 0:13
4,13.76,0.0057,4/20/2025 0:13
5.93,83.69,0.0013,4/20/2025 0:13
1.48,66.36,0.0032,4/20/2025 0:13
4.65,13.79,0.0004,4/20/2025 0:13
9.95,44.63,0.0016,4/20/2025 0:13
1.16,54.67,0.0048,4/20/2025 0:13
7.36,19.22,0.0006,4/20/2025 0:13
2,29.94,0.0033,4/20/2025 0:13
9.56,77.87,0.007,4/20/2025 0:13
7.66,62.98,0.0034,4/20/2025 0:13
5.51,72.4,0.0093,4/20/2025 0:13
6.17,75.88,0.0026,4/20/2025 0:13
8.72,33.73,0.0028,4/20/2025 0:13
2.76,18.29,0.0033,4/20/2025 0:13
4.06,65.96,0.0051,4/20/2025 0:13
7.62,39.63,0.0093,4/20/2025 0:13
9.9,22.73,0.0073,4/20/2025 0:13
1.1,28.85,0.0078,4/20/2025 0:13
7.21,81.59,0.0027,4/20/2025 0:13
6.58,29.44,0.0016,4/20/2025 0:13
6.52,71.74,0.0029,4/20/2025 0:13
3.41,74.23,0.0091,4/20/2025 0:13
7.2,70.32,0.01,4/20/2025 0:13
7.46,28.39,0.01,4/20/2025 0:13
8.56,74.79,0.0093,4/20/2025 0:13
1.14,80.46,0.0032,4/20/2025 0:13
9.05,50.86,0.0082,4/20/2025 0:13
1.42,16.59,0.0009,4/20/2025 0:13
3.34,98.85,0.0008,4/20/2025 0:13
2.99,61.23,0.0048,4/20/2025 0:13
1.29,49.19,0.0063,4/20/2025 0:13
9.54,56.02,0.0075,4/20/2025 0:13
4.95,73.43,0.0003,4/20/2025 0:14
6.33,34.69,0.006,4/20/2025 0:14
6.4,37.53,0.0035,4/20/2025 0:14
3.46,61.06,0.0045,4/20/2025 0:14
4.57,95.63,0.0019,4/20/2025 0:14
2.82,63.74,0.0057,4/20/2025 0:14
9.32,87.03,0.0036,4/20/2025 0:14
9.17,22.3,0.0067,4/20/2025 0:14
9.66,33.6,0.0056,4/20/2025 0:14
2.64,55.77,0.0084,4/20/2025 0:14
9.42,17.75,0.0042,4/20/2025 0:14
1.61,47.74,0.0027,4/20/2025 0:14
6.81,25.98,0.009,4/20/2025 0:14
7.02,81.75,0.0013,4/20/2025 0:14
5.3,67.83,0.0094,4/20/2025 0:14
5.38,42.14,0.0028,4/20/2025 0:14
3.08,56.59,0.0083,4/20/2025 0:14
6.05,93.88,0.0068,4/20/2025 0:14
7.92,11.63,0.0029,4/20/2025 0:14
8.04,55.92,0.0064,4/20/2025 0:14
9.94,71.1,0.0099,4/20/2025 0:14
1.54,99.69,0.0025,4/20/2025 0:14
4.75,37.33,0.0042,4/20/2025 0:14
6.7,60.63,0.0021,4/20/2025 0:14
4.1,43.5,0.0009,4/20/2025 0:14
3.85,29.31,0.0054,4/20/2025 0:14
6.19,57.48,0.0039,4/20/2025 0:14
5.26,53.3,0.0045,4/20/2025 0:14
6.01,60.06,0.0023,4/20/2025 0:14
7.43,53.81,0.004,4/20/2025 0:14
2.36,59.26,0.0036,4/20/2025 0:14
7.09,47.1,0.0021,4/20/2025 0:14
9.49,47.59,0.0084,4/20/2025 0:14
1.73,59.76,0.0095,4/20/2025 0:14
2.96,85.56,0.0013,4/20/2025 0:14
2.75,82.2,0.0062,4/20/2025 0:14
5.04,41.61,0.0021,4/20/2025 0:14
6.06,23.11,0.0099,4/20/2025 0:14
5.02,13.99,0.0026,4/20/2025 0:14
2.18,72.33,0.0058,4/20/2025 0:14
6.41,34.39,0.006,4/20/2025 0:14
4.2,20.41,0.006,4/20/2025 0:14
4.23,54.69,0.0073,4/20/2025 0:14
6.7,79.27,0.0015,4/20/2025 0:14
2.42,49.52,0.0096,4/20/2025 0:14
4.79,81.19,0.0056,4/20/2025 0:14
1.54,94.47,0.002,4/20/2025 0:14
8.32,68.58,0.0099,4/20/2025 0:14
1.27,25.05,0.0065,4/20/2025 0:14
8.76,57.37,0.002,4/20/2025 0:14
8.62,94.02,0.0029,4/20/2025 0:14
9.74,19.09,0.0055,4/20/2025 0:14
3.19,79.17,0.007,4/20/2025 0:14
2.15,14.75,0.0078,4/20/2025 0:14
1.94,10.84,0.0063,4/20/2025 0:14
8.52,86.85,0.0055,4/20/2025 0:14
3.54,35.57,0.0095,4/20/2025 0:14
8.08,32.4,0.0021,4/20/2025 0:14
9.54,31.39,0.0056,4/20/2025 0:14
4.2,20.81,0.0091,4/20/2025 0:14
6.56,36.4,0.0022,4/20/2025 0:15
4.76,12.65,0.0036,4/20/2025 0:15
5.69,53.67,0.0026,4/20/2025 0:15
1.9,30.89,0.0079,4/20/2025 0:15
7.59,60.09,0.0094,4/20/2025 0:15
8.89,52.24,0.0097,4/20/2025 0:15
5.66,77.7,0.0016,4/20/2025 0:15
7.35,22.73,0.0075,4/20/2025 0:15
6.36,99.62,0.0095,4/20/2025 0:15
1.36,47.73,0.006,4/20/2025 0:15
7.68,88.08,0.0037,4/20/2025 0:15
9.32,39.28,0.006,4/20/2025 0:15
2.15,70.19,0.0069,4/20/2025 0:15
8.09,46.56,0.0019,4/20/2025 0:15
5.06,81.85,0.0066,4/20/2025 0:15
8.67,95.16,0.0008,4/20/2025 0:15
6.33,43.99,0.0002,4/20/2025 0:15
8.35,96.19,0.0065,4/20/2025 0:15
3.82,46.3,0.0085,4/20/2025 0:15
1.83,36.99,0.0029,4/20/2025 0:15
1.56,65.39,0.0075,4/20/2025 0:15
6.55,94.33,0.0064,4/20/2025 0:15
4.04,31.66,0.0012,4/20/2025 0:15
2.08,92.5,0.0021,4/20/2025 0:15
3.15,46.07,0.0097,4/20/2025 0:15
6.88,38.26,0.0088,4/20/2025 0:15
8.62,10.46,0.006,4/20/2025 0:15
2.17,11.43,0.0053,4/20/2025 0:15
8.05,82.3,0.0053,4/20/2025 0:15
3.44,30.06,0.0083,4/20/2025 0:15
3.6,18.21,0.0028,4/20/2025 0:15
1.39,17.27,0.0012,4/20/2025 0:15
9.25,86.19,0.0012,4/20/2025 0:15
8.45,45.82,0.0033,4/20/2025 0:15
2.76,17.73,0.0085,4/20/2025 0:15
9.91,86.25,0.0019,4/20/2025 0:15
2.98,95.75,0.007,4/20/2025 0:15
8.57,70.94,0.0011,4/20/2025 0:15
5.09,19.2,0.0088,4/20/2025 0:15
7.25,46.49,0.0021,4/20/2025 0:15
5.8,50.04,0.0028,4/20/2025 0:15
5.28,66.99,0.0062,4/20/2025 0:15
1.32,79.59,0.006,4/20/2025 0:15
3.92,25.7,0.0086,4/20/2025 0:15
2.67,63.98,0.0074,4/20/2025 0:15
7.73,10.66,0.0031,4/20/2025 0:15
3.6,46.3,0.0056,4/20/2025 0:15
6.62,78.16,0.004,4/20/2025 0:15
2.14,46.08,0.0023,4/20/2025 0:15
5.14,57.31,0.0013,4/20/2025 0:15
7.29,38.97,0.0084,4/20/2025 0:15
5.02,93.62,0.0025,4/20/2025 0:15
8.66,78.74,0.0077,4/20/2025 0:15
5.28,36.67,0.0053,4/20/2025 0:15
3.65,61.78,0.0081,4/20/2025 0:15
5.6,43.95,0.0011,4/20/2025 0:15
5.11,81.58,0.004,4/20/2025 0:15
6.7,53.46,0.0009,4/20/2025 0:15
2.46,47.23,0.0007,4/20/2025 0:15
2.52,74.33,0.0062,4/20/2025 0:15
5.9,59.18,0.0033,4/20/2025 0:16
8.63,75.45,0.0024,4/20/2025 0:16
2.85,36.11,0.0064,4/20/2025 0:16
9.91,16.79,0.0089,4/20/2025 0:16
8.89,60.68,0.0043,4/20/2025 0:16
8.71,65.75,0.0013,4/20/2025 0:16
4.3,75.41,0.004,4/20/2025 0:16
3.12,38.68,0.0054,4/20/2025 0:16
2.11,33.58,0.0089,4/20/2025 0:16
5.99,12.47,0.0066,4/20/2025 0:16
6.76,77.63,0.0041,4/20/2025 0:16
9.58,32.68,0.0047,4/20/2025 0:16
5.25,65.04,0.002,4/20/2025 0:16
5.94,11.44,0.0064,4/20/2025 0:16
9.59,15.64,0.0014,4/20/2025 0:16
9.42,61.63,0.0013,4/20/2025 0:16
9.39,66.25,0.0072,4/20/2025 0:16
1.04,79.19,0.0008,4/20/2025 0:16
2.43,34.83,0.001,4/20/2025 0:16
5.31,19.33,0.004,4/20/2025 0:16
6.99,44.49,0.0012,4/20/2025 0:16
2.14,38.21,0.0037,4/20/2025 0:16
1.36,83.91,0.0057,4/20/2025 0:16
5.75,84.22,0.0065,4/20/2025 0:16
3.54,49.3,0.0089,4/20/2025 0:16
5.22,11.11,0.002,4/20/2025 0:16
1.03,46.45,0.0033,4/20/2025 0:16
7.18,63.45,0.0029,4/20/2025 0:16
4.26,73.83,0.0094,4/20/2025 0:16
7.69,41.25,0.0034,4/20/2025 0:16
2.76,24.02,0.0092,4/20/2025 0:16
5.1,21.62,0.0058,4/20/2025 0:16
3.32,58.74,0.0031,4/20/2025 0:16
3.62,15.51,0.0098,4/20/2025 0:16
7.65,29.29,0.0068,4/20/2025 0:16
3.29,10.09,0.0077,4/20/2025 0:16
7.73,11.15,0.0016,4/20/2025 0:16
3.22,33.38,0.0062,4/20/2025 0:16
4.29,22.5,0.0009,4/20/2025 0:16
2.22,30.94,0.0085,4/20/2025 0:16
5.3,93.41,0.0097,4/20/2025 0:16
2.78,23.79,0.0072,4/20/2025 0:16
4.77,38.84,0.0068,4/20/2025 0:16
8.26,92.01,0.0092,4/20/2025 0:16
6.14,22.67,0.0022,4/20/2025 0:16
1.41,13.6,0.0078,4/20/2025 0:16
1.21,10.94,0.0034,4/20/2025 0:16
5.65,20.53,0.0078,4/20/2025 0:16
5.72,36.18,0.0029,4/20/2025 0:16
2.52,44.33,0.0083,4/20/2025 0:16
5.8,98.6,0.0063,4/20/2025 0:16
3.34,79.9,0.0055,4/20/2025 0:16
7.84,26.33,0.0065,4/20/2025 0:16
9.07,20.85,0.0084,4/20/2025 0:16
9.22,30.39,0.001,4/20/2025 0:16
3.79,31.87,0.0008,4/20/2025 0:16
2.23,43.88,0.0043,4/20/2025 0:16
8.61,10.77,0.0098,4/20/2025 0:16
3.36,84.86,0.0063,4/20/2025 0:16
4.15,66.28,0.0011,4/20/2025 0:16
6.14,12.88,0.0077,4/20/2025 0:17
4.45,78.01,0.0088,4/20/2025 0:17
3.85,17.11,0.0071,4/20/2025 0:17
5.63,95.78,0.0035,4/20/2025 0:17
7.23,77.87,0.0054,4/20/2025 0:17
7.57,54.72,0.0074,4/20/2025 0:17
2.21,83.7,0.0052,4/20/2025 0:17
2.26,45.1,0.0024,4/20/2025 0:17
4.84,87.83,0.0049,4/20/2025 0:17
9.19,50.55,0.0048,4/20/2025 0:17
1.94,21.92,0.009,4/20/2025 0:17
7.58,13.65,0.0082,4/20/2025 0:17
7.99,75.14,0.009,4/20/2025 0:17
3.64,10.47,0.0093,4/20/2025 0:17
6.51,78.59,0.0098,4/20/2025 0:17
3.56,74.11,0.0093,4/20/2025 0:17
9.94,98.85,0.0067,4/20/2025 0:17
4.88,93.58,0.0021,4/20/2025 0:17
5.45,61.45,0.0039,4/20/2025 0:17
7.2,30.23,0.0035,4/20/2025 0:17
6.77,16.35,0.01,4/20/2025 0:17
8.68,74.26,0.0044,4/20/2025 0:17
1.33,78.44,0.0004,4/20/2025 0:17
7.51,37.39,0.0051,4/20/2025 0:17
2.74,67.49,0.0094,4/20/2025 0:17
2.18,80.84,0.0057,4/20/2025 0:17
2.48,41.27,0.0012,4/20/2025 0:17
2.47,63.19,0.0036,4/20/2025 0:17
1.61,92.89,0.0011,4/20/2025 0:17
3.51,65.38,0.0049,4/20/2025 0:17
6.81,41.26,0.0004,4/20/2025 0:17
2.22,65.87,0.0096,4/20/2025 0:17
8.23,58.66,0.0021,4/20/2025 0:17
8.01,45.02,0.0028,4/20/2025 0:17
6.75,68.35,0.0096,4/20/2025 0:17
2.03,86.19,0.0098,4/20/2025 0:17
1.19,80.27,0.0012,4/20/2025 0:17
9.86,11.2,0.0088,4/20/2025 0:17
7.04,24.06,0.0046,4/20/2025 0:17
9.46,68.38,0.0024,4/20/2025 0:17
3.24,67.83,0.0036,4/20/2025 0:17
2.47,13.14,0.0087,4/20/2025 0:17
8.19,87.86,0.0012,4/20/2025 0:17
7.79,44.44,0.0092,4/20/2025 0:17
2.21,84.75,0.0093,4/20/2025 0:17
8.34,64.03,0.0037,4/20/2025 0:17
2.58,38.45,0.0011,4/20/2025 0:17
3.54,92.03,0.0058,4/20/2025 0:17
7.27,78.47,0.0076,4/20/2025 0:17
8.45,72.07,0.0046,4/20/2025 0:17
1.73,17.31,0.007,4/20/2025 0:17
8.44,47.5,0.0064,4/20/2025 0:17
3.06,79.65,0.0071,4/20/2025 0:17
1.66,63.79,0.0011,4/20/2025 0:17
9.8,48.71,0.0086,4/20/2025 0:17
5.72,41.14,0,4/20/2025 0:17
9.88,57.85,0.0024,4/20/2025 0:17
1.79,27.75,0.003,4/20/2025 0:17
7.21,97.52,0.0007,4/20/2025 0:17
7.87,64.75,0.003,4/20/2025 0:17
8.08,25.09,0.008,4/20/2025 0:18
4.18,88.87,0.0027,4/20/2025 0:18
6.31,78.35,0.003,4/20/2025 0:18
5.5,31.99,0.0092,4/20/2025 0:18
1.37,92.22,0.0011,4/20/2025 0:18
8.66,43.67,0.001,4/20/2025 0:18
3.31,74.66,0.0069,4/20/2025 0:18
4.01,90.58,0.0091,4/20/2025 0:18
6.74,14.72,0.007,4/20/2025 0:18
4.96,21.82,0.0006,4/20/2025 0:18
7.81,46.94,0.0003,4/20/2025 0:18
4.31,48.57,0.0068,4/20/2025 0:18
7.06,18.89,0.0017,4/20/2025 0:18
8.7,84.85,0.0009,4/20/2025 0:18
9.95,40.91,0.0006,4/20/2025 0:18
1.52,79.15,0.0066,4/20/2025 0:18
5.05,43.5,0.0059,4/20/2025 0:18
4.54,35.63,0.0057,4/20/2025 0:18
2.45,47.43,0.0042,4/20/2025 0:18
6.09,47.41,0.0039,4/20/2025 0:18
9.28,36.03,0.007,4/20/2025 0:18
9.23,21.65,0.0073,4/20/2025 0:18
8.53,12.32,0.0052,4/20/2025 0:18
7.2,51.74,0.0005,4/20/2025 0:18
1.76,49.28,0.0023,4/20/2025 0:18
3.54,41.57,0.0026,4/20/2025 0:18
3.46,37.27,0.0097,4/20/2025 0:18
1.81,34.83,0.0048,4/20/2025 0:18
5.54,22.35,0.0086,4/20/2025 0:18
7.2,35.5,0.0038,4/20/2025 0:18
5.77,41.98,0.0088,4/20/2025 0:18
4.85,58.81,0.0001,4/20/2025 0:18
7.28,97.89,0.007,4/20/2025 0:18
6.91,77.94,0.0004,4/20/2025 0:18
8.79,97.47,0.0051,4/20/2025 0:18
2.87,27.59,0.0048,4/20/2025 0:18
2.72,19.05,0.0047,4/20/2025 0:18
8.05,72.14,0.0066,4/20/2025 0:18
5.65,65.36,0.0034,4/20/2025 0:18
7.77,49.39,0.0056,4/20/2025 0:18
6.02,19.59,0.0026,4/20/2025 0:18
6.27,86.1,0.0033,4/20/2025 0:18
6.75,13.77,0.0025,4/20/2025 0:18
4.93,77.9,0.0038,4/20/2025 0:18
5.22,60.26,0.0052,4/20/2025 0:18
3.17,61.92,0.0075,4/20/2025 0:18
9.86,79.83,0.0054,4/20/2025 0:18
2.54,87.48,0.0044,4/20/2025 0:18
1.36,55.6,0.0062,4/20/2025 0:18
1.06,69.21,0.0066,4/20/2025 0:18
4.92,53.36,0.0062,4/20/2025 0:18
5.83,55.31,0.0065,4/20/2025 0:18
7.96,86.79,0.0049,4/20/2025 0:18
7.46,91.26,0.0042,4/20/2025 0:18
6.69,75.71,0.0027,4/20/2025 0:18
8.05,36.48,0.0021,4/20/2025 0:18
8,18.37,0.0077,4/20/2025 0:18
2.56,37.57,0.0086,4/20/2025 0:18
2.31,72.92,0.0031,4/20/2025 0:18
8.19,85.46,0.0073,4/20/2025 0:18
5.94,33.49,0.0049,4/20/2025 0:19
7.33,78.09,0.001,4/20/2025 0:19
8.29,40.62,0.009,4/20/2025 0:19
9.02,26.77,0.0051,4/20/2025 0:19
5.26,84.86,0.0008,4/20/2025 0:19
2.1,53.82,0.0099,4/20/2025 0:19
8.62,91.45,0.0009,4/20/2025 0:19
8.86,67.28,0.0006,4/20/2025 0:19
3.21,75.67,0.0023,4/20/2025 0:19
7.36,64.54,0.0036,4/20/2025 0:19
6.89,12.72,0.009,4/20/2025 0:19
8.39,58.11,0.0058,4/20/2025 0:19
9.55,88.04,0.0002,4/20/2025 0:19
3.39,38.25,0.0035,4/20/2025 0:19
4.76,87.87,0.0023,4/20/2025 0:19
1.29,38.56,0.002,4/20/2025 0:19
7.6,17.38,0.0024,4/20/2025 0:19
6.73,11.86,0.0074,4/20/2025 0:19
5.33,91.65,0.0037,4/20/2025 0:19
1.54,82.11,0.0004,4/20/2025 0:19
2.4,94.37,0.0091,4/20/2025 0:19
9.69,19.92,0.0098,4/20/2025 0:19
9.46,89.94,0.0032,4/20/2025 0:19
2.34,77.26,0.0018,4/20/2025 0:19
9.52,88.46,0.0024,4/20/2025 0:19
8.6,26.66,0.0009,4/20/2025 0:19
2.3,52.58,0.0045,4/20/2025 0:19
8.86,53.34,0.0088,4/20/2025 0:19
7.78,96.63,0.0079,4/20/2025 0:19
3.82,51.74,0.0033,4/20/2025 0:19
2.86,98.06,0.0065,4/20/2025 0:19
2.95,73.68,0.0054,4/20/2025 0:19
3.71,65.76,0.0022,4/20/2025 0:19
4.22,23.76,0.006,4/20/2025 0:19
2.24,97.57,0.0064,4/20/2025 0:19
6.98,28.42,0.0031,4/20/2025 0:19
8.58,42.02,0.0056,4/20/2025 0:19
4.7,82.41,0.0065,4/20/2025 0:19
7.81,95.88,0.01,4/20/2025 0:19
4.47,81.65,0.0041,4/20/2025 0:19
6.42,71.76,0.0091,4/20/2025 0:19
7.82,91.91,0.0002,4/20/2025 0:19
1.45,79.87,0.0058,4/20/2025 0:19
8.79,67.23,0.0018,4/20/2025 0:19
7.6,80.57,0.0014,4/20/2025 0:19
4.24,53.69,0.0045,4/20/2025 0:19
7.83,82.72,0.0051,4/20/2025 0:19
9.2,51.84,0.0011,4/20/2025 0:19
2.79,40.94,0.0008,4/20/2025 0:19
9.07,23.05,0.0071,4/20/2025 0:19
6.8,75.63,0.0016,4/20/2025 0:19
2.13,52.7,0.0047,4/20/2025 0:19
5.23,84.87,0.0096,4/20/2025 0:19
7.67,79.62,0.0045,4/20/2025 0:19
6.45,21.02,0.0081,4/20/2025 0:19
6.08,95.6,0.0074,4/20/2025 0:19
2.3,48.33,0.0018,4/20/2025 0:19
9.75,60.88,0.0066,4/20/2025 0:19
9.2,40.66,0.0093,4/20/2025 0:19
2.86,58.35,0.0099,4/20/2025 0:19
8.99,52.59,0.0087,4/20/2025 0:20
2.49,12.41,0.0038,4/20/2025 0:20
5.82,78.66,0.0011,4/20/2025 0:20
9.67,95.78,0.0019,4/20/2025 0:20
6.55,80.46,0.0028,4/20/2025 0:20
3.34,40.16,0.0039,4/20/2025 0:20
1.82,20.48,0.0074,4/20/2025 0:20
3.07,65.85,0.0086,4/20/2025 0:20
5.47,71.01,0.0003,4/20/2025 0:20
4.94,30.64,0.002,4/20/2025 0:20
7.93,55.7,0.0083,4/20/2025 0:20
7.59,45.15,0.0055,4/20/2025 0:20
3.19,65.57,0.0059,4/20/2025 0:20
1.89,38.77,0.0014,4/20/2025 0:20
3.85,59.24,0.0078,4/20/2025 0:20
2.33,54.84,0.005,4/20/2025 0:20
3.97,17.48,0.0091,4/20/2025 0:20
8.48,31.05,0.0061,4/20/2025 0:20
3.53,44.95,0.0075,4/20/2025 0:20
2.44,20.3,0.0023,4/20/2025 0:20
7.49,10.48,0.0041,4/20/2025 0:20
1.84,44.9,0.0031,4/20/2025 0:20
5.64,73.45,0.0033,4/20/2025 0:20
9.6,18.4,0.0021,4/20/2025 0:20
9.09,80.86,0.0082,4/20/2025 0:20
9.1,29.01,0.0094,4/20/2025 0:20
8.85,41.78,0.0098,4/20/2025 0:20
9.41,22.65,0.0088,4/20/2025 0:20
9.99,27.79,0.0078,4/20/2025 0:20
2.26,75.66,0.0079,4/20/2025 0:20
9.53,47.15,0.009,4/20/2025 0:20
7.39,95.78,0.0031,4/20/2025 0:20
7.31,83.42,0.0072,4/20/2025 0:20
5.47,21.56,0.0006,4/20/2025 0:20
1.34,94.9,0.0031,4/20/2025 0:20
8.81,12.22,0.0082,4/20/2025 0:20
5.49,84.69,0.0011,4/20/2025 0:20
2.8,51.57,0.0008,4/20/2025 0:20
5.23,25.18,0.0019,4/20/2025 0:20
7.25,49.46,0.0022,4/20/2025 0:20
5.49,24.67,0.0064,4/20/2025 0:20
9.08,73.5,0.0011,4/20/2025 0:20
1.61,43.69,0.008,4/20/2025 0:20
9.5,47.5,0.0091,4/20/2025 0:20
9.69,75.54,0.0029,4/20/2025 0:20
7.7,11.25,0.0015,4/20/2025 0:20
7.71,63.28,0.0023,4/20/2025 0:20
3.3,38.26,0.0018,4/20/2025 0:20
9.33,13.73,0.003,4/20/2025 0:20
8.11,42.72,0.0077,4/20/2025 0:20
9,25.55,0.0077,4/20/2025 0:20
3.7,98.89,0.0088,4/20/2025 0:20
4.5,73.04,0.0034,4/20/2025 0:20
8.66,27.72,0.0069,4/20/2025 0:20
5.4,78.43,0.0076,4/20/2025 0:20
5.63,56.81,0.0083,4/20/2025 0:20
3.32,41.62,0.0012,4/20/2025 0:20
1.64,37.09,0.0073,4/20/2025 0:20
6.45,42.03,0.0055,4/20/2025 0:20
5.51,85.44,0.0061,4/20/2025 0:20
7.01,92.83,0.0062,4/20/2025 0:21
5.97,36.55,0.006,4/20/2025 0:21
1.35,82.81,0.0003,4/20/2025 0:21
3.38,85.42,0.0045,4/20/2025 0:21
3.19,20.38,0.0053,4/20/2025 0:21
3.65,98.54,0.0038,4/20/2025 0:21
4.07,88.14,0.001,4/20/2025 0:21
2.84,47.26,0.0076,4/20/2025 0:21
8.29,60.99,0.008,4/20/2025 0:21
8.55,96.41,0.0033,4/20/2025 0:21
4.82,66.1,0.0002,4/20/2025 0:21
6.1,33.09,0.0053,4/20/2025 0:21
8.79,50.4,0.0053,4/20/2025 0:21
2.71,65.61,0.0023,4/20/2025 0:21
5.54,87.98,0.0067,4/20/2025 0:21
7.75,91.21,0.0025,4/20/2025 0:21
1.55,20.37,0.008,4/20/2025 0:21
6.81,58.28,0.0078,4/20/2025 0:21
5.43,48.04,0.0088,4/20/2025 0:21
5.6,65.39,0.01,4/20/2025 0:21
5.83,14.51,0.0016,4/20/2025 0:21
6.34,21.24,0.0045,4/20/2025 0:21
3.47,58.56,0.0026,4/20/2025 0:21
3.52,47.58,0.006,4/20/2025 0:21
3.35,85.07,0.0074,4/20/2025 0:21
9.64,87.21,0.001,4/20/2025 0:21
1.66,12.02,0.0092,4/20/2025 0:21
8.65,80.93,0.0064,4/20/2025 0:21
9.58,67.32,0.0049,4/20/2025 0:21
4,71.48,0.0063,4/20/2025 0:21
4.03,67.39,0.0056,4/20/2025 0:21
1.28,59.47,0.0077,4/20/2025 0:21
1.29,91.56,0.0067,4/20/2025 0:21
3.12,26.43,0.009,4/20/2025 0:21
3.53,84.35,0.0001,4/20/2025 0:21
2.31,10.97,0.002,4/20/2025 0:21
8.05,44.82,0.0018,4/20/2025 0:21
2.24,92.14,0.0017,4/20/2025 0:21
1.25,39.5,0.0035,4/20/2025 0:21
9.86,15.63,0.0091,4/20/2025 0:21
9.77,93.59,0.0061,4/20/2025 0:21
4.73,60.05,0.0071,4/20/2025 0:21
6.67,43.54,0.0048,4/20/2025 0:21
4.56,15.23,0,4/20/2025 0:21
8.97,87.16,0.0074,4/20/2025 0:21
7.15,70.39,0.0082,4/20/2025 0:21
4.45,69.68,0.0014,4/20/2025 0:21
8.26,72.51,0.0003,4/20/2025 0:21
4.3,51.47,0.0015,4/20/2025 0:21
5.87,84.07,0.0045,4/20/2025 0:21
1.16,32.11,0.003,4/20/2025 0:21
1.67,36.96,0.0076,4/20/2025 0:21
3.1,44.08,0.0066,4/20/2025 0:21
3.79,21.58,0.0047,4/20/2025 0:21
3.1,37.5,0.0039,4/20/2025 0:21
1.48,82.02,0.0087,4/20/2025 0:21
3.19,41.28,0.0089,4/20/2025 0:21
3.21,11.33,0.0011,4/20/2025 0:21
5.38,42.25,0.0035,4/20/2025 0:21
6.99,52.11,0.0095,4/20/2025 0:21
4.41,81.29,0.0064,4/20/2025 0:22
8.1,46.2,0.0031,4/20/2025 0:22
8.54,73.9,0.0093,4/20/2025 0:22
8.64,37.73,0.0091,4/20/2025 0:22
6.86,55.09,0.0012,4/20/2025 0:22
6.19,62.53,0.0016,4/20/2025 0:22
4.37,14.34,0.0025,4/20/2025 0:22
8.94,30.59,0.0036,4/20/2025 0:22
1.69,23.62,0.005,4/20/2025 0:22
8.15,47.83,0.0014,4/20/2025 0:22
3.45,20.59,0.0013,4/20/2025 0:22
9.94,46.98,0.0044,4/20/2025 0:22
4.4,15.69,0.0089,4/20/2025 0:22
7.14,34.75,0.0037,4/20/2025 0:22
3.98,79.86,0.0028,4/20/2025 0:22
9.49,19.14,0.0083,4/20/2025 0:22
7.52,43.96,0.0017,4/20/2025 0:22
2,72.12,0.0099,4/20/2025 0:22
7.5,22,0.0003,4/20/2025 0:22
1.63,67.52,0.0095,4/20/2025 0:22
1.02,96.15,0.0018,4/20/2025 0:22
4.16,89.05,0.0022,4/20/2025 0:22
3.63,18.76,0.0009,4/20/2025 0:22
1.36,69.76,0.0058,4/20/2025 0:22
8.05,32.62,0.0075,4/20/2025 0:22
2.94,78.36,0.0076,4/20/2025 0:22
3.37,62.84,0.002,4/20/2025 0:22
1.43,90.25,0.0018,4/20/2025 0:22
3.61,18.72,0.0034,4/20/2025 0:22
6.88,41.63,0.0027,4/20/2025 0:22
7.26,95.13,0.0024,4/20/2025 0:22
3.17,75.36,0.0006,4/20/2025 0:22
8.07,39.14,0.0018,4/20/2025 0:22
8.78,19.82,0.0044,4/20/2025 0:22
9.63,44.54,0.0095,4/20/2025 0:22
1.7,79.27,0.0002,4/20/2025 0:22
2,99.45,0.0025,4/20/2025 0:22
5.75,82.23,0.008,4/20/2025 0:22
5.03,26.87,0.0039,4/20/2025 0:22
3.6,84.43,0.0003,4/20/2025 0:22
5.42,83.39,0.0006,4/20/2025 0:22
7.09,45.64,0.001,4/20/2025 0:22
9.27,99.03,0.0048,4/20/2025 0:22
7.54,11.66,0.0065,4/20/2025 0:22
8.27,41.5,0.0084,4/20/2025 0:22
6.68,62.61,0.0051,4/20/2025 0:22
6.47,54.86,0.0047,4/20/2025 0:22
7.2,61.47,0.0039,4/20/2025 0:22
4.12,69.41,0.0044,4/20/2025 0:22
5.75,85.45,0.0041,4/20/2025 0:22
1.15,81.8,0.0008,4/20/2025 0:22
7.01,31.55,0.0002,4/20/2025 0:22
4.16,13.26,0.0095,4/20/2025 0:22
7.53,14.55,0.0075,4/20/2025 0:22
7.92,31.82,0.0029,4/20/2025 0:22
3.87,19.4,0.004,4/20/2025 0:22
6.7,89.23,0.005,4/20/2025 0:22
5.43,19.17,0.0041,4/20/2025 0:22
7.16,19.17,0.008,4/20/2025 0:22
9.44,86.03,0.0095,4/20/2025 0:22
6.07,92.16,0.008,4/20/2025 0:23
2.46,15.82,0.0068,4/20/2025 0:23
6.25,49.25,0.006,4/20/2025 0:23
4.66,74.81,0.0047,4/20/2025 0:23
4.55,81.05,0.0026,4/20/2025 0:23
1.47,29.08,0.0056,4/20/2025 0:23
1.4,80.9,0.0011,4/20/2025 0:23
3.53,24.52,0.006,4/20/2025 0:23
8.89,21.56,0.006,4/20/2025 0:23
3.77,97.41,0.0048,4/20/2025 0:23
7.68,91.05,0.01,4/20/2025 0:23
2.9,72.62,0.0078,4/20/2025 0:23
1.03,51.64,0.0099,4/20/2025 0:23
5.76,10.42,0.0065,4/20/2025 0:23
7.61,84.58,0.0058,4/20/2025 0:23
5.2,74.76,0.0001,4/20/2025 0:23
8.07,98.21,0.0012,4/20/2025 0:23
2.48,46.79,0.0035,4/20/2025 0:23
8.46,45.34,0.008,4/20/2025 0:23
9.83,19.84,0.008,4/20/2025 0:23
1.41,57.3,0.0004,4/20/2025 0:23
4.02,40.71,0.0043,4/20/2025 0:23
4.11,74.61,0.004,4/20/2025 0:23
3.22,14.82,0.0032,4/20/2025 0:23
8.26,92.67,0.0093,4/20/2025 0:23
7.59,70.56,0.0022,4/20/2025 0:23
9.26,32.89,0.0088,4/20/2025 0:23
2.1,27.67,0.0086,4/20/2025 0:23
3.03,25.43,0.0066,4/20/2025 0:23
8.99,81.55,0.0011,4/20/2025 0:23
3.11,29.68,0.0091,4/20/2025 0:23
3.46,85.93,0.0025,4/20/2025 0:23
3.49,50.41,0.0057,4/20/2025 0:23
2.8,22.78,0.0063,4/20/2025 0:23
9.31,60.46,0.0078,4/20/2025 0:23
7.53,83.74,0.0003,4/20/2025 0:23
5.5,96.35,0.0087,4/20/2025 0:23
3.52,22.29,0.0091,4/20/2025 0:23
1.62,44.14,0.0061,4/20/2025 0:23
4.82,39.09,0.0001,4/20/2025 0:23
9.2,40.44,0.0021,4/20/2025 0:23
8.63,55.58,0.0034,4/20/2025 0:23
7.4,91.95,0.0041,4/20/2025 0:23
2.52,80.72,0.0079,4/20/2025 0:23
7.22,11.97,0.0036,4/20/2025 0:23
8.88,12.95,0.0071,4/20/2025 0:23
8.78,98.11,0.0045,4/20/2025 0:23
8.61,66.93,0.0045,4/20/2025 0:23
5.58,65.78,0.002,4/20/2025 0:23
9.53,65.45,0.0055,4/20/2025 0:23
9.27,70.14,0.0093,4/20/2025 0:23
1.53,58.35,0.0034,4/20/2025 0:23
2.07,47.28,0.0073,4/20/2025 0:23
2.87,33.11,0.0043,4/20/2025 0:23
2.44,26.62,0.0047,4/20/2025 0:23
6.23,16.79,0.0035,4/20/2025 0:23
8.28,14.41,0.0039,4/20/2025 0:23
9.03,31.31,0.0051,4/20/2025 0:23
7.69,68.54,0.006,4/20/2025 0:23
3.6,93.37,0.0003,4/20/2025 0:23
5.4,41.05,0.0073,4/20/2025 0:24
6.4,79.71,0.0027,4/20/2025 0:24
6.1,78.09,0.0099,4/20/2025 0:24
5.57,69.32,0.0074,4/20/2025 0:24
4.43,17.04,0.0057,4/20/2025 0:24
2.99,17.57,0.0025,4/20/2025 0:24
6.17,60.73,0.005,4/20/2025 0:24
6.84,99.05,0.0022,4/20/2025 0:24
3.78,91.95,0.0003,4/20/2025 0:24
8.18,66.99,0.0038,4/20/2025 0:24
3.21,18.93,0.0078,4/20/2025 0:24
4.88,47.69,0.0032,4/20/2025 0:24
4.86,89.57,0.0008,4/20/2025 0:24
9.99,84.29,0.003,4/20/2025 0:24
9.22,25.61,0.0055,4/20/2025 0:24
5.95,76.71,0.0015,4/20/2025 0:24
5.42,81.9,0.0005,4/20/2025 0:24
4.3,12.95,0.0011,4/20/2025 0:24
3.65,29.73,0.0053,4/20/2025 0:24
9.75,51.49,0.0035,4/20/2025 0:24
5.36,86.37,0.006,4/20/2025 0:24
3.22,47.26,0.0046,4/20/2025 0:24
5.76,74.11,0.0012,4/20/2025 0:24
5.32,43.6,0.0072,4/20/2025 0:24
8.56,81.62,0.0068,4/20/2025 0:24
3.17,61.74,0.0058,4/20/2025 0:24
7.94,83.7,0.0068,4/20/2025 0:24
4.48,68.98,0.0059,4/20/2025 0:24
5.25,17.97,0.007,4/20/2025 0:24
2.2,23.58,0.004,4/20/2025 0:24
3.95,48.01,0.0032,4/20/2025 0:24
8.18,83.18,0.0074,4/20/2025 0:24
2.53,84.46,0.003,4/20/2025 0:24
5.75,85.15,0.0071,4/20/2025 0:24
9.47,12.13,0.0056,4/20/2025 0:24
4.7,29.78,0.0098,4/20/2025 0:24
7.19,78.72,0.0072,4/20/2025 0:24
5.64,92.73,0.0015,4/20/2025 0:24
4.91,83.69,0.0085,4/20/2025 0:24
2.2,24.4,0.0063,4/20/2025 0:24
6.78,35.21,0.0076,4/20/2025 0:24
9.78,95.53,0.0076,4/20/2025 0:24
3.89,90.11,0.0031,4/20/2025 0:24
4.03,96.97,0.0068,4/20/2025 0:24
6.25,18.82,0.0043,4/20/2025 0:24
4.12,54.16,0.004,4/20/2025 0:24
6.27,87.05,0.0091,4/20/2025 0:24
4.82,18.02,0.0042,4/20/2025 0:24
7.92,46.57,0.0005,4/20/2025 0:24
4.24,58.77,0.0058,4/20/2025 0:24
8.55,16.49,0.0026,4/20/2025 0:24
7.02,98.15,0.0066,4/20/2025 0:24
4.1,85.22,0.0012,4/20/2025 0:24
8.75,87.96,0.001,4/20/2025 0:24
7.77,27.85,0.0039,4/20/2025 0:24
5.75,44.16,0.0034,4/20/2025 0:24
5.66,46.42,0.0018,4/20/2025 0:24
8.65,10.18,0.007,4/20/2025 0:24
8.69,62.64,0.0074,4/20/2025 0:24
9.43,25.33,0.0094,4/20/2025 0:24
2.18,51.32,0.0044,4/20/2025 0:25
6.68,49.68,0.0042,4/20/2025 0:25
7.72,32.76,0.0068,4/20/2025 0:25
6.79,44.82,0.0023,4/20/2025 0:25
9.95,75.95,0.0073,4/20/2025 0:25
8.44,19.49,0.001,4/20/2025 0:25
2.27,49.72,0.0076,4/20/2025 0:25
8.63,15.74,0.0063,4/20/2025 0:25
7.32,86.12,0.0074,4/20/2025 0:25
8.6,25.97,0.0012,4/20/2025 0:25
8.8,34.02,0.0087,4/20/2025 0:25
2.62,26.19,0.0032,4/20/2025 0:25
3.59,98.27,0.003,4/20/2025 0:25
2.66,85.25,0.003,4/20/2025 0:25
1.52,32.3,0.0046,4/20/2025 0:25
1.56,86.82,0.0029,4/20/2025 0:25
1.79,37.64,0.0053,4/20/2025 0:25
9.59,38.81,0.002,4/20/2025 0:25
1.38,27.76,0.0054,4/20/2025 0:25
2.39,56.84,0.0016,4/20/2025 0:25
2.11,86.45,0.004,4/20/2025 0:25
5.66,89.95,0.0037,4/20/2025 0:25
8.61,52.32,0.0006,4/20/2025 0:25
9.8,84.26,0.0064,4/20/2025 0:25
6.9,70.55,0.0022,4/20/2025 0:25
7.73,22.73,0.0045,4/20/2025 0:25
1.03,20.31,0.0083,4/20/2025 0:25
7.76,27.03,0.0043,4/20/2025 0:25
8.09,89.32,0.0093,4/20/2025 0:25
7.01,79.92,0.0086,4/20/2025 0:25
1.82,39.18,0.0067,4/20/2025 0:25
6.43,59.88,0.0096,4/20/2025 0:25
3.4,48.4,0.0033,4/20/2025 0:25
7.2,85.46,0.0053,4/20/2025 0:25
2.58,92.83,0.0053,4/20/2025 0:25
8.28,41.9,0.0069,4/20/2025 0:25
8.83,18.29,0.0095,4/20/2025 0:25
5.17,20.01,0.0009,4/20/2025 0:25
8.19,30.98,0.0067,4/20/2025 0:25
8.04,16.41,0.0072,4/20/2025 0:25
2.33,47.87,0.0094,4/20/2025 0:25
9.77,34.62,0.007,4/20/2025 0:25
5.57,58.7,0.0027,4/20/2025 0:25
1.86,44.3,0.0029,4/20/2025 0:25
6.2,89.82,0.0063,4/20/2025 0:25
7,34.78,0.0057,4/20/2025 0:25
4.73,86.3,0.0096,4/20/2025 0:25
7.53,35.73,0.0022,4/20/2025 0:25
5.49,61.75,0.0066,4/20/2025 0:25
6.56,43.81,0.005,4/20/2025 0:25
9.39,39.25,0.0027,4/20/2025 0:25
4.65,29.27,0.0024,4/20/2025 0:25
7.81,94.16,0.0079,4/20/2025 0:25
3.12,76.98,0.0055,4/20/2025 0:25
9.04,12.9,0.0089,4/20/2025 0:25
4,40.22,0.005,4/20/2025 0:25
8.03,96.99,0.0006,4/20/2025 0:25
5.47,24.74,0.0026,4/20/2025 0:25
3.37,67.44,0.0066,4/20/2025 0:25
2.16,93.49,0.0095,4/20/2025 0:25
4.19,83.12,0.0048,4/20/2025 0:26
7.36,37.17,0.0075,4/20/2025 0:26
5.41,76.63,0.0049,4/20/2025 0:26
9.23,29.62,0.0021,4/20/2025 0:26
3.8,94.15,0.0005,4/20/2025 0:26
2.36,56.29,0.0047,4/20/2025 0:26
7.98,21.79,0.0063,4/20/2025 0:26
2.04,90.33,0.0015,4/20/2025 0:26
4.48,65.59,0,4/20/2025 0:26
7.97,16.45,0.0096,4/20/2025 0:26
5.33,31.69,0.0032,4/20/2025 0:26
4.72,12.02,0.0084,4/20/2025 0:26
7,50.54,0.0057,4/20/2025 0:26
6.37,96.79,0.0042,4/20/2025 0:26
6.3,62.3,0.0057,4/20/2025 0:26
3.21,39.84,0.0069,4/20/2025 0:26
8.65,88.14,0.0024,4/20/2025 0:26
6.18,78.83,0.003,4/20/2025 0:26
9.46,34.89,0.0085,4/20/2025 0:26
8.97,19.14,0.0099,4/20/2025 0:26
8.01,42.68,0.007,4/20/2025 0:26
5.99,34.06,0.0007,4/20/2025 0:26
7.83,24.96,0.0056,4/20/2025 0:26
7.27,84.68,0.0013,4/20/2025 0:26
1.79,30.75,0.0044,4/20/2025 0:26
7.81,85.97,0.0016,4/20/2025 0:26
7.27,38.72,0.0019,4/20/2025 0:26
8.57,51.5,0.0088,4/20/2025 0:26
9.13,85.24,0.0002,4/20/2025 0:26
1.49,71.22,0.0008,4/20/2025 0:26
8.15,84.68,0.0018,4/20/2025 0:26
1.92,66.68,0.0072,4/20/2025 0:26
7.91,99.18,0.0082,4/20/2025 0:26
6.8,66.81,0.0005,4/20/2025 0:26
9.11,93.53,0.0084,4/20/2025 0:26
9.79,27.78,0.0052,4/20/2025 0:26
5.48,78.57,0.0089,4/20/2025 0:26
9.62,92.01,0.0065,4/20/2025 0:26
4.95,40.63,0.0079,4/20/2025 0:26
6.62,98.07,0.0085,4/20/2025 0:26
7.49,88.14,0.0047,4/20/2025 0:26
5.67,22.79,0.0012,4/20/2025 0:26
7.05,16.07,0.0081,4/20/2025 0:26
9.97,93.01,0.0025,4/20/2025 0:26
7.36,65.71,0.0093,4/20/2025 0:26
3.68,39.45,0.0007,4/20/2025 0:26
3.45,91.66,0.0019,4/20/2025 0:26
8.27,13.51,0.0051,4/20/2025 0:26
7.36,12.59,0.0005,4/20/2025 0:26
6.39,26.67,0.003,4/20/2025 0:26
6.11,44.87,0.0067,4/20/2025 0:26
4.5,73.72,0.0085,4/20/2025 0:26
2.71,88.89,0.0036,4/20/2025 0:26
2.08,99.73,0.0027,4/20/2025 0:26
2.88,75.3,0.0041,4/20/2025 0:26
7.29,89.57,0.0062,4/20/2025 0:26
6.75,27.38,0.0005,4/20/2025 0:26
9.74,20.8,0.0007,4/20/2025 0:26
9.67,76.62,0.004,4/20/2025 0:26
3.72,14.09,0.0028,4/20/2025 0:26
1.34,17.31,0.0012,4/20/2025 0:27
3.17,53.35,0.0099,4/20/2025 0:27
3.83,69.74,0.0038,4/20/2025 0:27
9.37,82.26,0.0039,4/20/2025 0:27
7.15,71.11,0.0046,4/20/2025 0:27
8.34,17.2,0.0057,4/20/2025 0:27
8.47,12.91,0.0069,4/20/2025 0:27
7.05,75.2,0.0014,4/20/2025 0:27
8.09,96.45,0.0078,4/20/2025 0:27
7.46,16.65,0.0017,4/20/2025 0:27
9.25,63.29,0.0027,4/20/2025 0:27
1.32,78.44,0.0004,4/20/2025 0:27
4.05,72.04,0.0016,4/20/2025 0:27
5.51,25.44,0.0006,4/20/2025 0:27
4.9,79.6,0.0037,4/20/2025 0:27
9.96,63.33,0.0002,4/20/2025 0:27
8.29,45.65,0.0073,4/20/2025 0:27
6.9,15.46,0.0083,4/20/2025 0:27
8.72,32.13,0.0041,4/20/2025 0:27
3.99,22.24,0.0078,4/20/2025 0:27
1.99,42.1,0.0025,4/20/2025 0:27
8.84,15.7,0.0056,4/20/2025 0:27
5.37,75.92,0.0065,4/20/2025 0:27
5.17,86.76,0.0083,4/20/2025 0:27
6.79,92.15,0.0024,4/20/2025 0:27
3.62,65.05,0.0009,4/20/2025 0:27
1.43,65.59,0.0007,4/20/2025 0:27
5.39,10.67,0.0081,4/20/2025 0:27
8.03,24.08,0.0012,4/20/2025 0:27
3.49,75.46,0.0087,4/20/2025 0:27
4.85,97.59,0.0096,4/20/2025 0:27
3.13,83.55,0.0057,4/20/2025 0:27
2.73,81.44,0.0014,4/20/2025 0:27
1.65,56.1,0.0019,4/20/2025 0:27
7.9,64.61,0.0068,4/20/2025 0:27
3.36,42.97,0.0091,4/20/2025 0:27
9.35,31.52,0.0078,4/20/2025 0:27
4.61,55.78,0.0035,4/20/2025 0:27
4.59,80.86,0.0054,4/20/2025 0:27
5.89,89.18,0.0093,4/20/2025 0:27
6.2,93.4,0.0088,4/20/2025 0:27
2.33,24.02,0.0013,4/20/2025 0:27
8.02,17.16,0.0023,4/20/2025 0:27
8.04,53.41,0.0054,4/20/2025 0:27
1.95,20.06,0.0042,4/20/2025 0:27
3.28,17.77,0.0026,4/20/2025 0:27
3.04,75,0.007,4/20/2025 0:27
2.66,58.51,0.0026,4/20/2025 0:27
6.35,14.38,0.0005,4/20/2025 0:27
6.8,10.23,0.0061,4/20/2025 0:27
6.24,84.24,0.0053,4/20/2025 0:27
4.93,91.89,0.0086,4/20/2025 0:27
4.97,55.67,0.0017,4/20/2025 0:27
3.69,69.08,0.0012,4/20/2025 0:27
1.15,46.33,0.0044,4/20/2025 0:27
6.25,91.59,0.0044,4/20/2025 0:27
2.72,51.72,0.0091,4/20/2025 0:27
6.1,75.54,0.0023,4/20/2025 0:27
8.23,98.59,0.008,4/20/2025 0:27
6.18,49.32,0.0058,4/20/2025 0:27
3.48,79.43,0.0015,4/20/2025 0:28
4.98,43.1,0.0055,4/20/2025 0:28
1.93,29.14,0.0076,4/20/2025 0:28
5.15,71.06,0.0008,4/20/2025 0:28
8.76,57.56,0.0017,4/20/2025 0:28
3.93,41.73,0.009,4/20/2025 0:28
2.5,95.56,0.0079,4/20/2025 0:28
9.54,29.76,0.0042,4/20/2025 0:28
5.27,30.3,0.0003,4/20/2025 0:28
8.77,95.62,0.0001,4/20/2025 0:28
2.12,79.77,0.0059,4/20/2025 0:28
1.54,82.46,0.0086,4/20/2025 0:28
3.59,53.55,0.0075,4/20/2025 0:28
6.15,35.03,0.001,4/20/2025 0:28
4.63,57.13,0.0077,4/20/2025 0:28
2.3,56.37,0.0056,4/20/2025 0:28
9.15,97.58,0.0012,4/20/2025 0:28
4.35,81.97,0.0076,4/20/2025 0:28
6.37,28.21,0.0068,4/20/2025 0:28
6.76,29.54,0.001,4/20/2025 0:28
7.8,29.53,0.0052,4/20/2025 0:28
8.19,37.26,0.0045,4/20/2025 0:28
1.12,79.67,0.0069,4/20/2025 0:28
4.25,33.34,0.0018,4/20/2025 0:28
9.14,40.18,0.0074,4/20/2025 0:28
9.5,30.48,0.0014,4/20/2025 0:28
7.26,79.91,0.0088,4/20/2025 0:28
7.63,77.42,0.0022,4/20/2025 0:28
8.72,15.09,0.0086,4/20/2025 0:28
1.99,29,0.0087,4/20/2025 0:28
4.31,96.4,0.0017,4/20/2025 0:28
4.9,64.76,0.0006,4/20/2025 0:28
1.87,90.29,0.0038,4/20/2025 0:28
1.91,14.36,0.0067,4/20/2025 0:28
5.87,13.83,0.0005,4/20/2025 0:28
7.83,99,0.004,4/20/2025 0:28
9.68,54.81,0.0016,4/20/2025 0:28
1.9,52.45,0.0053,4/20/2025 0:28
7.21,69.54,0.0059,4/20/2025 0:28
3.04,62.24,0.0014,4/20/2025 0:28
7.67,24.76,0.0093,4/20/2025 0:28
4.31,82.11,0.0029,4/20/2025 0:28
6.23,40.44,0.0023,4/20/2025 0:28
4.39,16.26,0.0074,4/20/2025 0:28
6.42,95.05,0.0061,4/20/2025 0:28
8.79,41.08,0.0006,4/20/2025 0:28
5.19,18.22,0.0088,4/20/2025 0:28
2.03,41.16,0.0074,4/20/2025 0:28
8.92,73.5,0.001,4/20/2025 0:28
9.53,42.73,0.0051,4/20/2025 0:28
6.97,29.61,0.0089,4/20/2025 0:28
8.1,70.7,0.008,4/20/2025 0:28
8.52,54.36,0.0047,4/20/2025 0:28
3.39,41.33,0.0002,4/20/2025 0:28
1.11,37.99,0.0077,4/20/2025 0:28
4.76,97.97,0.0085,4/20/2025 0:28
6.68,35.89,0.0005,4/20/2025 0:28
5.62,80.24,0.0081,4/20/2025 0:28
1.8,61.87,0.0012,4/20/2025 0:28
2.07,94.75,0.0055,4/20/2025 0:28
2.1,38.89,0.0077,4/20/2025 0:29
4.25,53.8,0.0091,4/20/2025 0:29
6.9,36.68,0.001,4/20/2025 0:29
1.31,71.25,0.0007,4/20/2025 0:29
1.26,67.59,0.0012,4/20/2025 0:29
1.33,19.21,0.0005,4/20/2025 0:29
10,45.17,0.0068,4/20/2025 0:29
1.24,84.37,0.0011,4/20/2025 0:29
3.75,75.67,0.0019,4/20/2025 0:29
6.21,44.01,0.0085,4/20/2025 0:29
7.34,72.52,0.0082,4/20/2025 0:29
6.8,19.14,0.0099,4/20/2025 0:29
7,45.79,0.0098,4/20/2025 0:29
8.58,98.2,0.0061,4/20/2025 0:29
2.78,46.81,0.0037,4/20/2025 0:29
7.4,40.39,0.0011,4/20/2025 0:29
3.62,95.94,0.0092,4/20/2025 0:29
5.08,72.36,0.0043,4/20/2025 0:29
1.72,36.86,0.0027,4/20/2025 0:29
5.11,24.27,0.0022,4/20/2025 0:29
9.37,89.38,0.0075,4/20/2025 0:29
2.16,65.45,0.0048,4/20/2025 0:29
2.05,38.67,0.0087,4/20/2025 0:29
8.24,87.13,0.0069,4/20/2025 0:29
9.89,55.89,0.0014,4/20/2025 0:29
1.07,56.44,0.0072,4/20/2025 0:29
4.71,62.94,0.0077,4/20/2025 0:29
4.36,39.02,0.0057,4/20/2025 0:29
3.79,53.34,0.0038,4/20/2025 0:29
4.75,34.56,0.0034,4/20/2025 0:29
6.51,47.01,0.0015,4/20/2025 0:29
7.24,86.15,0.0026,4/20/2025 0:29
9.76,22.71,0.0072,4/20/2025 0:29
4.06,14.86,0.0046,4/20/2025 0:29
1.68,24.6,0.0006,4/20/2025 0:29
1.45,79.37,0.0097,4/20/2025 0:29
2.94,98.86,0.0005,4/20/2025 0:29
1.37,94.9,0.0016,4/20/2025 0:29
8.07,42.43,0.0026,4/20/2025 0:29
2.74,37.17,0.0095,4/20/2025 0:29
3.11,41.95,0.009,4/20/2025 0:29
8.98,18.31,0.0035,4/20/2025 0:29
9.63,97.01,0.0069,4/20/2025 0:29
7.22,83.48,0.0078,4/20/2025 0:29
3.36,65.74,0.0037,4/20/2025 0:29
1.06,10.06,0.0001,4/20/2025 0:29
3.32,64.05,0.0005,4/20/2025 0:29
4.98,64.96,0.0038,4/20/2025 0:29
7.27,60.08,0.006,4/20/2025 0:29
3.42,14.31,0.0033,4/20/2025 0:29
3.09,22.91,0.0019,4/20/2025 0:29
6.61,68.66,0.0095,4/20/2025 0:29
9.95,40.99,0.0036,4/20/2025 0:29
8.28,14.51,0.0092,4/20/2025 0:29
2.19,94.85,0.003,4/20/2025 0:29
8.84,27.27,0.0063,4/20/2025 0:29
1.32,75.31,0.0037,4/20/2025 0:29
5.27,87.27,0.0078,4/20/2025 0:29
6.45,60.6,0.0094,4/20/2025 0:29
4.45,27.98,0.0024,4/20/2025 0:29
1.1,88.78,0.0055,4/20/2025 0:30
1.45,41.76,0.0058,4/20/2025 0:30
2.42,51.15,0.0081,4/20/2025 0:30
2.26,44.21,0.0085,4/20/2025 0:30
2.31,38.24,0.0025,4/20/2025 0:30
4.3,82.84,0.0073,4/20/2025 0:30
4.25,38.66,0.0069,4/20/2025 0:30
3.43,79.09,0.0029,4/20/2025 0:30
3.92,54.79,0.0062,4/20/2025 0:30
4.41,43.82,0.0039,4/20/2025 0:30
3.87,52.08,0.0056,4/20/2025 0:30
1.23,60.88,0.0059,4/20/2025 0:30
9.32,45.79,0.005,4/20/2025 0:30
9.67,99.52,0.0024,4/20/2025 0:30
7.12,83.14,0.0078,4/20/2025 0:30
9.43,79.54,0.0065,4/20/2025 0:30
8.04,81.14,0.0043,4/20/2025 0:30
2.94,41.46,0.0054,4/20/2025 0:30
1.1,21.81,0.0033,4/20/2025 0:30
6.9,69.38,0.0012,4/20/2025 0:30
3.8,47.37,0.0061,4/20/2025 0:30
6.73,84.97,0.0032,4/20/2025 0:30
1.75,52.83,0.0083,4/20/2025 0:30
9.19,98.03,0.0044,4/20/2025 0:30
1.13,19.54,0.0041,4/20/2025 0:30
9.89,72.17,0.0057,4/20/2025 0:30
8.67,66.56,0.0072,4/20/2025 0:30
8.73,80.85,0.0016,4/20/2025 0:30
5.58,35.24,0.0007,4/20/2025 0:30
2.66,82.17,0.0053,4/20/2025 0:30
8.59,58.01,0.009,4/20/2025 0:30
8.79,19.88,0.0008,4/20/2025 0:30
5.7,72.84,0.0075,4/20/2025 0:30
7.27,40.76,0.0041,4/20/2025 0:30
8.11,87.49,0.0023,4/20/2025 0:30
6.35,99.16,0.0024,4/20/2025 0:30
8.3,25.93,0.0039,4/20/2025 0:30
5.18,50.32,0.0015,4/20/2025 0:30
4.27,76.03,0.0066,4/20/2025 0:30
8.27,90.12,0.0023,4/20/2025 0:30
7.15,46.38,0.0053,4/20/2025 0:30
8.96,32.6,0.0079,4/20/2025 0:30
4.69,34.25,0.0005,4/20/2025 0:30
9.95,60.02,0.0034,4/20/2025 0:30
8.67,98.86,0.0094,4/20/2025 0:30
4.42,58.59,0.0041,4/20/2025 0:30
4.96,76.23,0.0007,4/20/2025 0:30
8.94,26.32,0.0045,4/20/2025 0:30
6.06,93.14,0.0096,4/20/2025 0:30
6.28,27.77,0.0084,4/20/2025 0:30
9.97,81.78,0.0002,4/20/2025 0:30
5.23,24.9,0.007,4/20/2025 0:30
6.68,21.87,0.005,4/20/2025 0:30
9.09,97.78,0.002,4/20/2025 0:30
1.77,34.41,0.0066,4/20/2025 0:30
1.49,33.17,0.0021,4/20/2025 0:30
4.41,89.46,0.0044,4/20/2025 0:30
5.92,42.67,0.0042,4/20/2025 0:30
1.06,84.87,0.0026,4/20/2025 0:30
2.46,84.28,0.0078,4/20/2025 0:30
5.41,99.04,0.002,4/20/2025 0:31
9.4,16.41,0.0062,4/20/2025 0:31
9.01,76.9,0.0085,4/20/2025 0:31
7.14,70.45,0.0027,4/20/2025 0:31
2.03,99.83,0.0051,4/20/2025 0:31
7.59,78.5,0.0024,4/20/2025 0:31
3.53,16.22,0.0043,4/20/2025 0:31
4.82,42.67,0.0061,4/20/2025 0:31
8.12,82.64,0.0086,4/20/2025 0:31
6.33,77.62,0.0024,4/20/2025 0:31
5.5,59.65,0.0024,4/20/2025 0:31
6.92,35.64,0.0052,4/20/2025 0:31
7.18,77.59,0.0055,4/20/2025 0:31
6.09,32.64,0.0051,4/20/2025 0:31
2.33,72.36,0.0021,4/20/2025 0:31
6.82,86.3,0.003,4/20/2025 0:31
7.64,86.49,0.0062,4/20/2025 0:31
9.43,64.11,0.01,4/20/2025 0:31
6.41,89.46,0.0056,4/20/2025 0:31
7.18,66.69,0.0097,4/20/2025 0:31
2.23,78.91,0.0093,4/20/2025 0:31
2.96,14.91,0.0032,4/20/2025 0:31
6.77,69.18,0.0028,4/20/2025 0:31
5.36,75.08,0.0021,4/20/2025 0:31
8.09,92.54,0.0088,4/20/2025 0:31
3.26,16.44,0.0022,4/20/2025 0:31
2.1,11.83,0.0075,4/20/2025 0:31
1.88,10.89,0.0076,4/20/2025 0:31
3.37,17.77,0.0037,4/20/2025 0:31
4.97,48.71,0.0024,4/20/2025 0:31
8.04,84.11,0.0093,4/20/2025 0:31
7.63,79.96,0.0032,4/20/2025 0:31
1.05,67.72,0.0039,4/20/2025 0:31
7.2,13.4,0.0005,4/20/2025 0:31
4.49,53.52,0.0089,4/20/2025 0:31
7.19,91.54,0.0026,4/20/2025 0:31
9.75,76.08,0.0006,4/20/2025 0:31
8.49,48.8,0.0015,4/20/2025 0:31
5.54,48.31,0.0089,4/20/2025 0:31
9.47,38.93,0.0045,4/20/2025 0:31
3.02,78.91,0.0072,4/20/2025 0:31
1.03,67.57,0.0099,4/20/2025 0:31
5.17,51.73,0.0025,4/20/2025 0:31
5.1,35.98,0.0086,4/20/2025 0:31
3.27,79.18,0.0018,4/20/2025 0:31
7.33,14.91,0.0028,4/20/2025 0:31
5.36,25.99,0.0046,4/20/2025 0:31
2.08,64.52,0.0089,4/20/2025 0:31
4.66,93.52,0.0041,4/20/2025 0:31
7.19,41.36,0.0083,4/20/2025 0:31
6.18,93.21,0.0073,4/20/2025 0:31
7.97,93.23,0.0087,4/20/2025 0:31
5.8,45.74,0.0012,4/20/2025 0:31
1.26,31.08,0.0026,4/20/2025 0:31
4.2,89.18,0.0054,4/20/2025 0:31
2.95,33.83,0.0071,4/20/2025 0:31
1.06,66.6,0.0088,4/20/2025 0:31
9.28,34.19,0.006,4/20/2025 0:31
3.74,80.68,0.0038,4/20/2025 0:31
7.63,81.84,0.0088,4/20/2025 0:31
8.41,38.08,0.0022,4/20/2025 0:32
5.3,81.21,0.0069,4/20/2025 0:32
1.61,20.65,0.0037,4/20/2025 0:32
3.95,58.03,0.005,4/20/2025 0:32
2.09,15.42,0.0085,4/20/2025 0:32
5.01,20.35,0.0071,4/20/2025 0:32
2.93,31.73,0.0096,4/20/2025 0:32
9.46,53.76,0.0039,4/20/2025 0:32
2.56,53.5,0.004,4/20/2025 0:32
9.51,20.48,0.0015,4/20/2025 0:32
3.25,66.44,0.009,4/20/2025 0:32
4.25,91.92,0.002,4/20/2025 0:32
4.87,88,0.0024,4/20/2025 0:32
9.54,20.4,0.0063,4/20/2025 0:32
8.8,70.75,0.0043,4/20/2025 0:32
6.12,36.44,0.0021,4/20/2025 0:32
1.65,22.7,0.001,4/20/2025 0:32
1.42,59.72,0.0092,4/20/2025 0:32
9.52,84.33,0.0018,4/20/2025 0:32
8.66,39.3,0.0036,4/20/2025 0:32
5.2,82.57,0.0037,4/20/2025 0:32
4.18,14.1,0.0029,4/20/2025 0:32
6.83,36.42,0.002,4/20/2025 0:32
5.44,81.29,0.0062,4/20/2025 0:32
5.78,81.31,0.0075,4/20/2025 0:32
7.85,45.35,0.0054,4/20/2025 0:32
4.43,18.73,0.0062,4/20/2025 0:32
9.55,35.44,0.0028,4/20/2025 0:32
7.38,55.24,0.0041,4/20/2025 0:32
4.71,90.76,0.0048,4/20/2025 0:32
3.71,32.52,0.0011,4/20/2025 0:32
2.79,32.08,0.0042,4/20/2025 0:32
2.91,45.44,0.0061,4/20/2025 0:32
9,68.52,0.0051,4/20/2025 0:32
1.02,83.67,0.0009,4/20/2025 0:32
8.14,30.48,0.0094,4/20/2025 0:32
7.56,59.96,0.0092,4/20/2025 0:32
9.53,51.81,0.0075,4/20/2025 0:32
4,67.4,0.008,4/20/2025 0:32
5.62,49.58,0.0042,4/20/2025 0:32
7.3,36.88,0.0088,4/20/2025 0:32
5.49,63.32,0.0081,4/20/2025 0:32
4.49,16.32,0.0069,4/20/2025 0:32
8.61,25.97,0.0023,4/20/2025 0:32
5.51,80.01,0.0065,4/20/2025 0:32
2.54,81.23,0.0097,4/20/2025 0:32
8.25,66.31,0.0032,4/20/2025 0:32
9.5,45.99,0.0043,4/20/2025 0:32
6.03,47.02,0.0087,4/20/2025 0:32
4.89,71.21,0.0071,4/20/2025 0:32
8.08,59.22,0.003,4/20/2025 0:32
7.52,13.21,0.003,4/20/2025 0:32
7.31,63.56,0.0098,4/20/2025 0:32
3.65,60.36,0.0039,4/20/2025 0:32
5.59,64.45,0.0063,4/20/2025 0:32
7.37,99.12,0.0049,4/20/2025 0:32
7.22,18.47,0.008,4/20/2025 0:32
1.49,27.09,0.0048,4/20/2025 0:32
1.46,32.91,0.0064,4/20/2025 0:32
2.7,52.57,0.0071,4/20/2025 0:32
8.64,57.75,0.0032,4/20/2025 0:33
7.19,82.06,0.0077,4/20/2025 0:33
6.76,42,0.0071,4/20/2025 0:33
4.22,38.96,0.0093,4/20/2025 0:33
1.31,94.78,0.0028,4/20/2025 0:33
2.27,64.49,0.0022,4/20/2025 0:33
4.91,66.95,0.0026,4/20/2025 0:33
9,56.58,0.0038,4/20/2025 0:33
